name,class,review_count,address,review_top3,background_image_url,cafe_menu
카페퍼블리코,"카페,디저트",843,서울 동작구 상도로 47 안쪽 건물,"['커피가 맛있어요', '인테리어가 멋져요', '음료가 맛있어요']",https://search.pstatic.net/common/?autoRotate=true&type=w560_sharpen&src=https%3A%2F%2Fldb-phinf.pstatic.net%2F20230318_290%2F1679112103014MGz07_JPEG%2F73C3F7DC-F555-4BDC-8EE4-70F74814B611.jpeg,"['플란: 스페인식 푸딩', '반숙 바스크치즈케이크', '브라운치즈 크로플', '토마토 모짜렐라 파니니']"
손수담,"카페,디저트",999+,서울 동작구 여의대방로24사길 8 102호,"['디저트가 맛있어요', '특별한 메뉴가 있어요', '친절해요']",https://search.pstatic.net/common/?autoRotate=true&type=w560_sharpen&src=https%3A%2F%2Fldb-phinf.pstatic.net%2F20230520_177%2F16845675033176iQaX_JPEG%2FKakaoTalk_20230520_162425991.jpg,"['화과자 1人set', '화과자 2人set', '화로당고', '손수담 당고크림라떼 (흑임자)']"
공미학 루프앤테라스 상도점,"카페,디저트",139,서울 동작구 양녕로 274 그룹메가에프앤비타워 1층,"['인테리어가 멋져요', '디저트가 맛있어요', '커피가 맛있어요']",https://search.pstatic.net/common/?autoRotate=true&type=w560_sharpen&src=https%3A%2F%2Fldb-phinf.pstatic.net%2F20231020_185%2F1697790518737SMmnj_JPEG%2FIMG_3140.jpeg,"['Ciabatta Platter', 'Mushroom pastry Soup', 'Bacon cobb Salad', 'Bocchinicaviar Salad']"
페니힐스 커피스테이션,카페,999+,"서울 동작구 동작대로1길 10-14 새롬빌딩 1,2층","['커피가 맛있어요', '디저트가 맛있어요', '인테리어가 멋져요']",https://search.pstatic.net/common/?autoRotate=true&type=w560_sharpen&src=https%3A%2F%2Fldb-phinf.pstatic.net%2F20220406_194%2F1649172251327gv7V0_JPEG%2FKakaoTalk_20220406_001935424_16.jpg,"['아메리카노', '클래식티라미수', '플라워라떼', '클라우드라떼']"
카페 우야우,"카페,디저트",471,서울 동작구 사당로28길 63 1층 카페 우야우,"['디저트가 맛있어요', '친절해요', '커피가 맛있어요']",https://search.pstatic.net/common/?autoRotate=true&type=w560_sharpen&src=https%3A%2F%2Fldb-phinf.pstatic.net%2F20220528_1%2F16537123555887r7r8_JPEG%2F20220504_165737.jpg,"['에그타르트', '우야우라떼', '브라우니바', '버터스카치라떼']"
떡붕,"카페,디저트",372,서울 동작구 사당동 127-7,"['특별한 메뉴가 있어요', '디저트가 맛있어요', '친절해요']",https://search.pstatic.net/common/?autoRotate=true&type=w560_sharpen&src=http%3A%2F%2Fblogfiles.naver.net%2FMjAyMzExMjhfMjg2%2FMDAxNzAxMTc4NzgzMzk5.4eHlpqWE4O5_n0xl2d8yralVJ6yvq0AUCgb_uuFDUSUg.8bOfc1hxCx8KPmNhzUhUa1K8EEQIXOs7plszp55RdOkg.JPEG.seoyooon95%2FKakaoTalk_20231128_191702267_03.jpg,"['초코붕어빵', '콘치즈붕어빵', '피자붕어빵', '블루베리크림치즈붕어빵']"
THE한강,"카페,디저트",999+,"서울 동작구 노량진로32길 29-6 1,2층","['뷰가 좋아요', '커피가 맛있어요', '사진이 잘 나와요']",https://search.pstatic.net/common/?autoRotate=true&type=w560_sharpen&src=https%3A%2F%2Fldb-phinf.pstatic.net%2F20220610_81%2F1654843831166wuJcN_JPEG%2FKakaoTalk_20220610_154923936_04.jpg,"['아메리카노', '에스프레소', '카페라떼', '카푸치노']"
브레드숨,베이커리,999+,서울 동작구 노량진로24길 2 상가101호 브레드숨(초록색어닝간판),"['빵이 맛있어요', '친절해요', '특별한 메뉴가 있어요']",https://search.pstatic.net/common/?autoRotate=true&type=w560_sharpen&src=https%3A%2F%2Fldb-phinf.pstatic.net%2F20220919_6%2F16635698404055UkI9_PNG%2F%25BA%25EA%25B7%25B9%25B5%25E5.png,"['100%우유식빵', '팥마차식빵', '치즈돌돌식빵', '블루베리']"
파니모들,"카페,디저트",814,서울 동작구 동작대로 153 원옥빌딩 1층,"['커피가 맛있어요', '디저트가 맛있어요', '음료가 맛있어요']",https://search.pstatic.net/common/?autoRotate=true&type=w560_sharpen&src=https%3A%2F%2Fldb-phinf.pstatic.net%2F20190820_39%2F1566302124667yivKA_JPEG%2Fo8nZZ7ZBorBUAyd4jF6DOYri.jpeg.jpg,"['카페라떼', '아메리카노', '바닐라라떼', '헤이즐넛라떼']"
사당1038,"카페,디저트",126,서울 동작구 동작대로3길 45 1층,"['디저트가 맛있어요', '친절해요', '특별한 메뉴가 있어요']",https://search.pstatic.net/common/?autoRotate=true&type=w560_sharpen&src=https%3A%2F%2Fldb-phinf.pstatic.net%2F20220905_287%2F1662338356954iTNY3_JPEG%2FKakaoTalk_Photo_2022-09-05-09-32-14_028.jpeg,"['애플쨈소보루쿠키', '무화과크림치즈휘낭시에', '밤치즈케이크', '클래식휘낭시에']"
머치커피,"카페,디저트",925,서울 동작구 동작대로9길 43 1층,"['커피가 맛있어요', '친절해요', '음료가 맛있어요']",https://search.pstatic.net/common/?autoRotate=true&type=w560_sharpen&src=https%3A%2F%2Fldb-phinf.pstatic.net%2F20190926_175%2F1569478192291dvbQm_JPEG%2FAZ-CFbCVAuvQ9CdkLScZGMWp.jpg,"['너티크림모카', '아인슈페너', '머치라떼', '머치멜로우']"
도로도로커피숍,"카페,디저트",883,서울 동작구 노량진로 145 1층,"['커피가 맛있어요', '디저트가 맛있어요', '음료가 맛있어요']",https://search.pstatic.net/common/?autoRotate=true&type=w560_sharpen&src=https%3A%2F%2Fldb-phinf.pstatic.net%2F20210428_255%2F1619550864734ynVL0_JPEG%2FKze5ssAAHAs4l1UiHwb6p0eK.jpeg.jpg,"['도로도로 아인슈페너', '도로도로 아바라떼', '아메리카노', '말렌카 케이크']"
터방내,카페,792,서울 동작구 흑석로 101-7,"['커피가 맛있어요', '인테리어가 멋져요', '특별한 메뉴가 있어요']",https://search.pstatic.net/common/?autoRotate=true&type=w560_sharpen&src=https%3A%2F%2Fldb-phinf.pstatic.net%2F20160601_9%2F1464746106192iatC9_PNG%2F176551508525990_0.png,"['커피', '커피류', '카페로얄', '파르페']"
코스모,"카페,디저트",213,서울 동작구 동작대로 163 1층,"['커피가 맛있어요', '디저트가 맛있어요', '친절해요']",https://search.pstatic.net/common/?autoRotate=true&type=w560_sharpen&src=https%3A%2F%2Fldb-phinf.pstatic.net%2F20230731_64%2F1690804183718JpdXP_JPEG%2FIMG_9338.jpeg,"['시그니처 크로미트 + 아메리카노 세트', '아메리카노', '시그니처 크로미트', '기네스 크로미트']"
시너리,"카페,디저트",872,서울 동작구 사당로25가길 1 1층,"['디저트가 맛있어요', '커피가 맛있어요', '음료가 맛있어요']",https://search.pstatic.net/common/?autoRotate=true&type=w560_sharpen&src=https%3A%2F%2Fldb-phinf.pstatic.net%2F20230324_248%2F1679593936651JGD7I_PNG%2FA8EB9620-44B1-4644-A181-43F4DE610D53.png,"['브라운치즈크로플', '레몬 커스타드 타르트', '피스타치오 딸기 초코 케이크', '말차딸기 갸또 케이크']"
킹브루,"카페,디저트",69,서울 동작구 만양로14가길 22 1층,"['커피가 맛있어요', '음료가 맛있어요', '매장이 청결해요']",https://search.pstatic.net/common/?autoRotate=true&type=w560_sharpen&src=https%3A%2F%2Fldb-phinf.pstatic.net%2F20230910_298%2F1694322779541g4r94_JPEG%2F%25C5%25B7%25BA%25EA%25B7%25E7_%25B4%25EB%25C7%25A5_%25B8%25DE%25C0%25CE%25BB%25E7%25C1%25F8.jpg,"['콜드브루 아메리카노', '콜드브루 라떼', '모카 라떼', '바닐라 라떼']"
쟝블랑제리 이수직영점,베이커리,999+,서울 동작구 동작대로23길 8,"['빵이 맛있어요', '특별한 메뉴가 있어요', '친절해요']",https://search.pstatic.net/common/?autoRotate=true&type=w560_sharpen&src=https%3A%2F%2Fldb-phinf.pstatic.net%2F20230127_29%2F1674798057244iFnvo_JPEG%2F%25C0%25CC%25BC%25F6%25C1%25A1_%25B8%25C5%25C0%25E5_%25B3%25B7.,"['단팥빵', '고로케', '초코범벅', '초코파이']"
클라소피,"카페,디저트",416,서울 동작구 여의대방로22길 94 클라소피,"['커피가 맛있어요', '친절해요', '디저트가 맛있어요']",https://search.pstatic.net/common/?autoRotate=true&type=w560_sharpen&src=https%3A%2F%2Fldb-phinf.pstatic.net%2F20200916_52%2F1600186429804sb64v_JPEG%2Fiug3gKRmzqKOcftOXG2T_EZO.jpg,"['클라소피 화이트', '까눌레', '클라소피 블랙', '필터커피']"
시간을 들이다 본점,베이커리,999+,서울 동작구 보라매로 80 1층,"['빵이 맛있어요', '특별한 메뉴가 있어요', '친절해요']",https://search.pstatic.net/common/?autoRotate=true&type=w560_sharpen&src=https%3A%2F%2Fvideo-phinf.pstatic.net%2F20230916_78%2F1694851781460KYsfx_JPEG%2F5ad7fbf1-5468-11ee-b928-a0369ffdb5e4_03.jpg,"['망고크림크로와상', '더티초코(페스츄리)', '햄치즈페스츄리', '샤인머스켓생크림크로와상']"
멜로드 숭실대점,"카페,디저트",229,서울 동작구 상도로49길 7 1층 카페멜로드,"['디저트가 맛있어요', '친절해요', '커피가 맛있어요']",https://search.pstatic.net/common/?autoRotate=true&type=w560_sharpen&src=https%3A%2F%2Fldb-phinf.pstatic.net%2F20230914_188%2F169468215525318wNl_JPEG%2F%25B8%25DE%25C0%25CE%25BB%25E7%25C1%25F83.jpg,"['카페라떼', '아메리카노', '바닐라라떼', '카라멜라떼']"
모든것은당근케이크에서시작됐다,"카페,디저트",542,서울 동작구 만양로 65-1 1층 카페 모당시,"['디저트가 맛있어요', '커피가 맛있어요', '특별한 메뉴가 있어요']",https://search.pstatic.net/common/?autoRotate=true&type=w560_sharpen&src=https%3A%2F%2Fldb-phinf.pstatic.net%2F20200204_177%2F1580780588406Ts0QF_JPEG%2FXDpG2h5-fIbk7YoZlLvh2LjE.jpeg.jpg,"['홀케이크', '모당시치케', '11월 빼빼로스콘', '말차체리스마스']"
아늑스터디카페 숭실대점,스터디카페,간 영업,서울 동작구 상도로37길 81 2층,['리뷰 참여자가 10명이 되지 않습니다.'],https://search.pstatic.net/common/?autoRotate=true&type=w560_sharpen&src=https%3A%2F%2Fldb-phinf.pstatic.net%2F20230618_261%2F1687079865950yWRas_JPEG%2F20230618_181738.jpg,"['일일권 2시간', '일일권 4시간', '일일권 6시간', '일일권 8시간']"
메리커피플레이스,카페,115,서울 동작구 보라매로5길 5 상가동 1층 119호,"['커피가 맛있어요', '친절해요', '디저트가 맛있어요']",https://search.pstatic.net/common/?autoRotate=true&type=w560_sharpen&src=https%3A%2F%2Fldb-phinf.pstatic.net%2F20231023_228%2F1698071672593SO6Xb_JPEG%2FIMG_9368.jpeg,"['선납결제 고객전용 주문', '에그마요 샌드위치', '카페라떼', '아메리카노']"
커피집도씨,"카페,디저트",447,서울 동작구 여의대방로22길 121 보라매자이더포레스트 상가 1층 1114호,"['커피가 맛있어요', '인테리어가 멋져요', '음료가 맛있어요']",https://search.pstatic.net/common/?autoRotate=true&type=w560_sharpen&src=https%3A%2F%2Fldb-phinf.pstatic.net%2F20220312_49%2F1647084466002JrhTs_JPEG%2F95D2D077-AE7A-4419-B060-21E7A574BC89.jpeg,"['수제쿠키', '커피집커피 아이스', '피렌체 콜드브루 라떼 아이스', '스모어 딥 초코라떼']"
공차 노량진학원가점,차,999+,서울 동작구 노량진로16길 16 청암빌딩,"['음료가 맛있어요', '차가 맛있어요', '친절해요']",https://search.pstatic.net/common/?autoRotate=true&type=w560_sharpen&src=https%3A%2F%2Fldb-phinf.pstatic.net%2F20150901_119%2F14411100803389RQsh_JPEG%2F166670496949103_0.jpeg,"['커피 젤리 밀크티', '티라미수 밀크티+펄', '티라미수 스무디', '블랙밀크티+펄 L']"
쁘띠우스 베이커리,베이커리,999+,서울 동작구 사당로 300 1층 104호,"['빵이 맛있어요', '커피가 맛있어요', '인테리어가 멋져요']",https://search.pstatic.net/common/?autoRotate=true&type=w560_sharpen&src=https%3A%2F%2Fldb-phinf.pstatic.net%2F20231013_210%2F1697176440246GJHgu_JPEG%2F48D1FA60-EC0A-4D82-8673-4FF6794788B6.jpeg,"['슈톨렌(선물포장포함)', '아메리카노', '갈레트', '뀐아망']"
카페퍼블리코,"카페,디저트",843,서울 동작구 상도로 47 안쪽 건물,"['커피가 맛있어요', '인테리어가 멋져요', '음료가 맛있어요']",https://search.pstatic.net/common/?autoRotate=true&type=w560_sharpen&src=https%3A%2F%2Fldb-phinf.pstatic.net%2F20230318_290%2F1679112103014MGz07_JPEG%2F73C3F7DC-F555-4BDC-8EE4-70F74814B611.jpeg,"['플란: 스페인식 푸딩', '반숙 바스크치즈케이크', '브라운치즈 크로플', '토마토 모짜렐라 파니니']"
디피스트,"카페,디저트",856,서울 동작구 동작대로27길 31 2층,"['커피가 맛있어요', '음료가 맛있어요', '디저트가 맛있어요']",https://search.pstatic.net/common/?autoRotate=true&type=w560_sharpen&src=https%3A%2F%2Fldb-phinf.pstatic.net%2F20231108_133%2F1699417467410p10v0_JPEG%2FScreenshot_20231108_132211_Gallery.jpg,"['아메리카노(Sweet, Ftuity)', '라떼', '테린느(말차, 오레오)', 'MUST HAVE 포도쥬스']"
기역니은디귿제빵점,베이커리,573,서울 동작구 여의대방로22사길 4 ㄱㄴㄷ제빵점,"['빵이 맛있어요', '친절해요', '특별한 메뉴가 있어요']",https://search.pstatic.net/common/?autoRotate=true&type=w560_sharpen&src=https%3A%2F%2Fldb-phinf.pstatic.net%2F20221013_50%2F1665666567205pMEJG_JPEG%2FEA001374-98BF-429D-98D2-58470790A0DB.,"['바게트 샌드위치 (남녀노소 인기)', '깻잎 크런치 (BEST)', '레몬+딜 몽블랑 (BEST)', '[11월 청귤시즌] ㄱㄴㄷ시그니처(블랙청귤에이드)']"
노핸들,"카페,디저트",293,서울 동작구 동작대로9길 52 1층,"['커피가 맛있어요', '인테리어가 멋져요', '친절해요']",https://search.pstatic.net/common/?autoRotate=true&type=w560_sharpen&src=https%3A%2F%2Fldb-phinf.pstatic.net%2F20230723_55%2F1690090796708QtvhA_JPEG%2FIMG_5956.jpeg,"['피넛버터 앤 젤리', '필터커피', '바닐라빈라떼', '라떼']"
카멜커피 11호점,"카페,디저트",454,"서울 동작구 양녕로36길 12 1, 2층","['커피가 맛있어요', '인테리어가 멋져요', '디저트가 맛있어요']",https://search.pstatic.net/common/?autoRotate=true&type=w560_sharpen&src=http%3A%2F%2Fblogfiles.naver.net%2FMjAyMzEwMTdfMTA0%2FMDAxNjk3NTQwNDYwNzMz.PVi4pgphhnw9NbPS3SyisLhjnh2d-Ikq9Fy89egmqFEg.1BU6Qm1jKcMd8-NicqWf7MeOgtDCM7PI89OloalbnYYg.PNG.gomdori0627%2F%25B4%25EB%25C1%25F6_1.png,"['카멜커피', '아메리카노', 'M.S.G.R (미숫가루)']"
우니꼬케이크,케이크전문,105,서울 동작구 사당로22길 15 1층 105호,"['디저트가 맛있어요', '친절해요', '선물하기 좋아요']",https://search.pstatic.net/common/?autoRotate=true&type=w560_sharpen&src=https%3A%2F%2Fldb-phinf.pstatic.net%2F20230428_130%2F16826493422396PXx1_JPEG%2FIMG_7827.jpeg,"['어버이날 케이크', '당일 케이크 (문구 수정 가능)', '미니 ~ 3호 홀케이크']"
스타벅스 사당역점,카페,999+,서울 동작구 동작대로 21,"['커피가 맛있어요', '친절해요', '음료가 맛있어요']",https://search.pstatic.net/common/?autoRotate=true&type=w560_sharpen&src=https%3A%2F%2Fldb-phinf.pstatic.net%2F20190828_93%2F1566953601239OT9MQ_PNG%2FxX7Wv642gXMoTI0DAv0hRymS.png,"['토피 넛 라떼', '토피 넛 팡도르', '별의 별 샌드위치', '스타벅스 딸기 라떼']"
케이크팝,"카페,디저트",725,"서울 동작구 사당로 28 1,2층","['디저트가 맛있어요', '커피가 맛있어요', '음료가 맛있어요']",https://search.pstatic.net/common/?autoRotate=true&type=w560_sharpen&src=https%3A%2F%2Fldb-phinf.pstatic.net%2F20210910_276%2F163120756361346hdk_JPEG%2F9RVulnPcxsQfiZ5UskebnJ7W.jpg,"['밀푀유(Mille Feuille)', '초코 포르쉐(Choco Porsche)', '레몬(Lemon) 마들렌', '바닐라(Vanilla) 까눌레']"
부강탕 더플라잉팬,베이커리,915,서울 동작구 상도로34길 7 1F 부강탕 더플라잉팬,"['인테리어가 멋져요', '커피가 맛있어요', '빵이 맛있어요']",https://search.pstatic.net/common/?autoRotate=true&type=w560_sharpen&src=https%3A%2F%2Fldb-phinf.pstatic.net%2F20230910_123%2F1694315433693dW4HY_PNG%2F%25B0%25C7%25B9%25B0%25BF%25DC%25B0%25FC-1.png,"['에그스 베네딕 (햄)', '스크램블 에그 소시지', '플라잉팬의 아침', '치킨 아보카도 샌드위치']"
더머커피,"카페,디저트",999+,서울 동작구 보라매로 91 1층 더머커피,"['커피가 맛있어요', '디저트가 맛있어요', '친절해요']",https://search.pstatic.net/common/?autoRotate=true&type=w560_sharpen&src=https%3A%2F%2Fldb-phinf.pstatic.net%2F20230708_229%2F1688745527721Jm5UR_JPEG%2FIMG_20230425_121103_887.jpg,"['오트밀크 출시', '샌드위치 출시', '단체주문 및 답례품', '아인슈페너']"
와플스,와플,999+,서울 동작구 노량진로16길 26,"['디저트가 맛있어요', '가성비가 좋아요', '특별한 메뉴가 있어요']",https://search.pstatic.net/common/?autoRotate=true&type=w560_sharpen&src=https%3A%2F%2Fldb-phinf.pstatic.net%2F20230928_28%2F1695883884625MhcVv_JPEG%2F1000006700.jpg,"['유기농 상하목장 아이스크림와플', '유기농 상하목장 컵아이스크림', '요거트 딸기 아이스크림 와플', '사과쨈 생크림/아이스크림 와플']"
컵넛 중앙대점,"카페,디저트",216,서울 동작구 흑석로 97-1 1층,"['디저트가 맛있어요', '커피가 맛있어요', '친절해요']",https://search.pstatic.net/common/?autoRotate=true&type=w560_sharpen&src=https%3A%2F%2Fldb-phinf.pstatic.net%2F20231019_124%2F1697713574037PmGle_JPEG%2F1908C9DB-4924-4671-9BC5-41196AE2CB05.jpeg,"['[패스오더전용] 100원 아메리카노', '크렘브륄레 도넛', '로투스 도넛', '카야 버터 뉴욕롤']"
프로스퍼,"카페,디저트",762,서울 동작구 여의대방로24길 101 1층,"['커피가 맛있어요', '디저트가 맛있어요', '음료가 맛있어요']",https://search.pstatic.net/common/?autoRotate=true&type=w560_sharpen&src=https%3A%2F%2Fldb-phinf.pstatic.net%2F20211104_153%2F16359895482118iwf0_JPEG%2FCU5zB939V0rZ6erG6BYlLTqZ.jpeg.jpg,"['수제 빅토리아 케이크', '수제 도넛 (딸기 크림)', '수제 도넛 (피넛 크림)', '수제 도넛 (대파 크림치즈)']"
스타벅스 노량진역점,카페,999+,서울 동작구 노량진로 134,"['커피가 맛있어요', '친절해요', '음료가 맛있어요']",https://search.pstatic.net/common/?autoRotate=true&type=w560_sharpen&src=https%3A%2F%2Fldb-phinf.pstatic.net%2F20190828_93%2F1566953601239OT9MQ_PNG%2FxX7Wv642gXMoTI0DAv0hRymS.png,"['카페 아메리카노', '토피 넛 라떼', '토피 넛 팡도르', '별의 별 샌드위치']"
세녹,홍차전문점,999+,서울 동작구 사당로 304,"['집중하기 좋아요', '차가 맛있어요', '음료가 맛있어요']",https://search.pstatic.net/common/?autoRotate=true&type=w560_sharpen&src=https%3A%2F%2Fldb-phinf.pstatic.net%2F20200315_135%2F1584260753270EEzws_JPEG%2FgYm2lzhM39N041f1aia0X1Tz.JPG.jpg,"['아메리카노', '카페라떼', '카페모카', '나시고랭']"
케이크무드,"카페,디저트",603,서울 동작구 상도로15길 45 1층,"['디저트가 맛있어요', '친절해요', '특별한 메뉴가 있어요']",https://search.pstatic.net/common/?autoRotate=true&type=w560_sharpen&src=https%3A%2F%2Fldb-phinf.pstatic.net%2F20180604_153%2F1528115443806eS8K8_JPEG%2FYc0XD8WiTlZu4tj5F7im-9hY.jpg,['조각 케이크']
에브어이브,"카페,디저트",230,서울 동작구 상도로62길 10 1층 3호,['리뷰 참여자가 10명이 되지 않습니다.'],https://search.pstatic.net/common/?autoRotate=true&type=w560_sharpen&src=https%3A%2F%2Fldb-phinf.pstatic.net%2F20230812_256%2F1691809789426tONWW_JPEG%2FIMG_8637.jpeg,"['아메리카노', '아몬드크림 아인슈페너', '아몬드크림 라떼', '바질토마토 에이드']"
치키차카초코 사당이수점,"카페,디저트",257,서울 동작구 사당로 276 1층,"['디저트가 맛있어요', '친절해요', '특별한 메뉴가 있어요']",https://search.pstatic.net/common/?autoRotate=true&type=w560_sharpen&src=https%3A%2F%2Fldb-phinf.pstatic.net%2F20230515_181%2F16841447885636YfNX_JPEG%2F%25B0%25A3%25C6%25C7.jpg,"['다크초코 치플러리', '크러스트 치플러리', '커스터드 코르네파이', '코르네파이 5SET']"
프랑세즈,베이커리,999+,서울 동작구 현충로 96,"['빵이 맛있어요', '친절해요', '특별한 메뉴가 있어요']",https://search.pstatic.net/common/?autoRotate=true&type=w560_sharpen&src=https%3A%2F%2Fldb-phinf.pstatic.net%2F20220915_147%2F16632376933364fc3h_JPEG%2F20220909_180859.jpg,"['치아바타샌드위치', '베이컨치즈', '크림치즈빵빵', '아메리카노']"
앳더스크,"카페,디저트",281,서울 동작구 사당로29가길 32 앳더스크,"['디저트가 맛있어요', '친절해요', '매장이 청결해요']",https://search.pstatic.net/common/?autoRotate=true&type=w560_sharpen&src=https%3A%2F%2Fldb-phinf.pstatic.net%2F20231122_108%2F1700628464979d91jj_JPEG%2F3860301C-4E6A-4675-95B7-420D31D12ED5.jpeg,"['계절 타르트', '바스크치즈케이크', '빅토리아 케이크', '버터바']"
브레드덕,베이커리,999+,서울 동작구 상도로30길 39 120동 102-1호,"['빵이 맛있어요', '친절해요', '특별한 메뉴가 있어요']",https://search.pstatic.net/common/?autoRotate=true&type=w560_sharpen&src=https%3A%2F%2Fldb-phinf.pstatic.net%2F20170222_10%2F14877571681409f46Q_JPEG%2F186172588267907_0.jpeg,"['깜빠뉴 바게트', '고구마깜빠뉴', '무화과깜빠뉴', '단호박깜빠뉴']"
더디저트랩,"카페,디저트",366,서울 동작구 장승배기로10길 100 더샵2차 상가106호 더디저트랩,"['디저트가 맛있어요', '친절해요', '특별한 메뉴가 있어요']",https://search.pstatic.net/common/?autoRotate=true&type=w560_sharpen&src=https%3A%2F%2Fldb-phinf.pstatic.net%2F20231115_40%2F1700018613014AI0Qb_JPEG%2Ftemp_file.jpg,"['딸기생크림케이크(홀)', '딸기요거트케이크(조각)', '딸기생크림케이크(조각)', '샤인머스켓요거트']"
우부래도,베이커리,999+,서울 동작구 상도로37길 3,"['빵이 맛있어요', '특별한 메뉴가 있어요', '친절해요']",https://search.pstatic.net/common/?autoRotate=true&type=w560_sharpen&src=https%3A%2F%2Fldb-phinf.pstatic.net%2F20230727_277%2F16904681544849Nvxm_JPEG%2F20230620_193308.jpg,"['단호박 머핀', '쌀바게트', '홍국단팥빵', '코코넛크림단팥빵']"
카페 좋아진다,"카페,디저트",540,서울 동작구 사당로26길 87 1층 카페좋아진다,"['커피가 맛있어요', '친절해요', '디저트가 맛있어요']",https://search.pstatic.net/common/?autoRotate=true&type=w560_sharpen&src=https%3A%2F%2Fldb-phinf.pstatic.net%2F20181218_24%2F1545105467056j28p6_JPEG%2Fuy7GAY4E18h4fW687jBU_S0o.jpeg.jpg,"['아인슈페너', '아메리카노', '카페라떼', '카푸치노']"
오월이구,"카페,디저트",268,서울 동작구 여의대방로54길 14 2층 단독 입구,"['디저트가 맛있어요', '커피가 맛있어요', '친절해요']",https://search.pstatic.net/common/?autoRotate=true&type=w560_sharpen&src=https%3A%2F%2Fvideo-phinf.pstatic.net%2F20231116_276%2F1700065420173BeyFI_JPEG%2F54e2780c-83d3-11ee-89eb-d4f5ef5a9532_03.jpg,"['쑥절미 갸또 쇼콜라', '레터링케이크', '바스크 치즈케이크', '레몬 크림치즈 파운드케이크']"
블랑제리 가마,베이커리,999+,서울 동작구 사당로13길 31 두산위브트레지움상가,"['빵이 맛있어요', '특별한 메뉴가 있어요', '친절해요']",https://search.pstatic.net/common/?autoRotate=true&type=w560_sharpen&src=https%3A%2F%2Fldb-phinf.pstatic.net%2F20231104_83%2F1699028009853IXxiX_JPEG%2FKakaoTalk_20231102_174055836_01.jpg,"['바질토마토치즈', '명란바게트', '소프트 마늘바게트', '소금빵']"
푼,"카페,디저트",346,서울 동작구 동작대로17길 14-2 1층 101호,"['디저트가 맛있어요', '친절해요', '특별한 메뉴가 있어요']",https://search.pstatic.net/common/?autoRotate=true&type=w560_sharpen&src=https%3A%2F%2Fldb-phinf.pstatic.net%2F20230317_209%2F1679043060793NYQw3_JPEG%2FKakaoTalk_20230317_174907349.jpg,"['커스터드 푼딩', '쑥 푼딩', '고구마 푼딩', '얼그레이 푼딩']"
원즈아토,베이커리,33,서울 동작구 상도로 392-20 1층 원즈아토,"['커피가 맛있어요', '빵이 맛있어요', '음료가 맛있어요']",https://search.pstatic.net/common/?autoRotate=true&type=w560_sharpen&src=https%3A%2F%2Fldb-phinf.pstatic.net%2F20231112_168%2F1699800872480pcOo3_JPEG%2FDSC01515.jpg,"['카페라떼', '아메리카노', '유자 진저티', '자몽 소다']"
콜리브리,"카페,디저트",125,서울 동작구 여의대방로24길 22 1층 101호,"['커피가 맛있어요', '디저트가 맛있어요', '인테리어가 멋져요']",https://search.pstatic.net/common/?autoRotate=true&type=w560_sharpen&src=https%3A%2F%2Fldb-phinf.pstatic.net%2F20231120_43%2F1700406334646xgbMh_JPEG%2FCB4CB27F-A65C-41EB-89A1-E14968F26B9A.jpeg,['콜리라떼']
단골커피,카페,386,서울 동작구 등용로14길 61 1층,"['커피가 맛있어요', '친절해요', '가성비가 좋아요']",https://search.pstatic.net/common/?autoRotate=true&type=w560_sharpen&src=https%3A%2F%2Fldb-phinf.pstatic.net%2F20200807_201%2F1596739036641bihhE_JPEG%2FuVfZbAse4MIlVfhMQjBjEAxV.JPG.jpg,"['스콜라아메리카노', '마담아메리카노', '에스프레소', '플렛화이트']"
BREAD J,베이커리,999+,서울 동작구 상도로 192 1층,"['빵이 맛있어요', '친절해요', '매장이 청결해요']",https://search.pstatic.net/common/?autoRotate=true&type=w560_sharpen&src=https%3A%2F%2Fldb-phinf.pstatic.net%2F20230403_286%2F1680461306840zK2Pz_JPEG%2F20230326_141814.jpg,"['딸기생크림케이크', '소금빵', '듬뿍스콘', '까눌레']"
글로우베이글,베이커리,289,서울 동작구 여의대방로22길 92 1층,"['빵이 맛있어요', '친절해요', '특별한 메뉴가 있어요']",https://search.pstatic.net/common/?autoRotate=true&type=w560_sharpen&src=https%3A%2F%2Fldb-phinf.pstatic.net%2F20230605_75%2F1685945165169Pmavd_JPEG%2F9AC59592-9864-4D47-833D-1F6B6DDE2F54.jpeg,"['아메리카노', '카페라떼', '바닐라라떼', '플레인베이글']"
잔디속에있다고상상을해,"카페,디저트",295,서울 동작구 상도로 265-30 2층,"['커피가 맛있어요', '인테리어가 멋져요', '집중하기 좋아요']",https://search.pstatic.net/common/?autoRotate=true&type=w560_sharpen&src=https%3A%2F%2Fldb-phinf.pstatic.net%2F20220426_171%2F1650969625719Jwwp7_JPEG%2F%25C6%25F7%25BD%25BA%25C5%25CD_01.jpg,"['유자 쉬림프 샌드위치', '오렌지에이드', '토마토 바질 에이드', '솔트커피']"
브루클린커피,카페,701,서울 동작구 노량진로 26 1층,"['커피가 맛있어요', '디저트가 맛있어요', '친절해요']",https://search.pstatic.net/common/?autoRotate=true&type=w560_sharpen&src=https%3A%2F%2Fldb-phinf.pstatic.net%2F20220505_117%2F16516957728452UdC1_JPEG%2F823211FA-85D8-4944-9AE7-E8B517552941.jpeg,"['버터바', '그릴드머쉬룸', '토피넛샷', '토피넛슈페너(only ice)']"
젤라또비,아이스크림,175,서울 동작구 동작대로11길 87 1층,"['디저트가 맛있어요', '친절해요', '특별한 메뉴가 있어요']",https://search.pstatic.net/common/?autoRotate=true&type=w560_sharpen&src=https%3A%2F%2Fldb-phinf.pstatic.net%2F20231114_36%2F1699937395245Rhyer_JPEG%2F20231024_145813.jpg,"['젤라또 포장 (M)', '젤라또 포장 (S)', '시그니처라떼', '젤라또 SET']"
키키젤라또,아이스크림,484,서울 동작구 동작대로1길 39 1층,"['디저트가 맛있어요', '친절해요', '특별한 메뉴가 있어요']",https://search.pstatic.net/common/?autoRotate=true&type=w560_sharpen&src=https%3A%2F%2Fldb-phinf.pstatic.net%2F20220302_207%2F1646206949999DaT3M_JPEG%2F1645974658299-2.jpg,"['Cup', 'Small Box', 'Large Box', 'Everyday Box']"
페이브베이커리 흑석점,"카페,디저트",999+,서울 동작구 서달로14가길 1,"['커피가 맛있어요', '디저트가 맛있어요', '친절해요']",https://search.pstatic.net/common/?autoRotate=true&type=w560_sharpen&src=https%3A%2F%2Fldb-phinf.pstatic.net%2F20230228_299%2F1677542791734OtTPb_PNG%2Ffave_%25B7%25CE%25B0%25ED_400x400.png,"['아메리카노', '납작복숭아 스무', '카페라떼', '바닐라빈 라떼']"
레이네 케이크,케이크전문,401,서울 동작구 사당로 271 2층,"['디저트가 맛있어요', '친절해요', '인테리어가 멋져요']",https://search.pstatic.net/common/?autoRotate=true&type=w560_sharpen&src=https%3A%2F%2Fldb-phinf.pstatic.net%2F20230917_12%2F1694958235066DKduy_JPEG%2FIMG_6277.jpg,"['생과일 소르베(아이스크림)', '바나나 푸딩케이크', '조각케이크', '디자인케이크(예약제)']"
미학당,"카페,디저트",788,서울 동작구 사당로 56 2층 초록색문,"['디저트가 맛있어요', '커피가 맛있어요', '특별한 메뉴가 있어요']",https://search.pstatic.net/common/?autoRotate=true&type=w560_sharpen&src=https%3A%2F%2Fldb-phinf.pstatic.net%2F20200831_167%2F15988058506004wolJ_JPEG%2FKakaoTalk_20200831_014243865.jpg,"['버터밀크스콘', '피스타치오비엔나', '클래식휘낭시에', '로얄밀크티']"
베러먼데이 노량진점,카페,418,서울 동작구 노량진로14길 29 1층 베러먼데이,"['커피가 맛있어요', '음료가 맛있어요', '가성비가 좋아요']",https://search.pstatic.net/common/?autoRotate=true&type=w560_sharpen&src=https%3A%2F%2Fldb-phinf.pstatic.net%2F20220928_197%2F16643347889515kjid_JPEG%2F2.jpg,"['[재주문율 1등] 1L 보틀커피+토스트', '[피로가 풀려요] 1L 피로뽕(ICE ONLY)', '1L 보틀커피 + 샌드위치', '1L 보틀 커피 + 카스테라']"
썸머스테어,"카페,디저트",469,서울 동작구 사당로 305 3층,"['친절해요', '디저트가 맛있어요', '인테리어가 멋져요']",https://search.pstatic.net/common/?autoRotate=true&type=w560_sharpen&src=https%3A%2F%2Fldb-phinf.pstatic.net%2F20231125_115%2F1700843652401RSx9N_JPEG%2F53FD9B23-EBCC-4472-8C20-AAAD3F2D62A1.jpeg,"['러블리베리 레어치즈 케이크', '프루티프루티 케이크', '라임머스캣 케이크', '글루텐프리) 찐단호박 쌀 케이크']"
스코넬리 사당점,"카페,디저트",580,서울 동작구 사당로29가길 3 스코넬리,"['디저트가 맛있어요', '친절해요', '특별한 메뉴가 있어요']",https://search.pstatic.net/common/?autoRotate=true&type=w560_sharpen&src=https%3A%2F%2Fldb-phinf.pstatic.net%2F20230312_257%2F1678589269849tUjwe_JPEG%2FKakaoTalk_20230309_215607284.jpg,"['약과쿠키', '고메버터 스콘 with 딸기잼', '빅토리아 스콘(시그니처)', '프리미엄 기프트 박스']"
오후홍콩,"카페,디저트",404,서울 동작구 흑석로13가길 29 오후홍콩,"['음료가 맛있어요', '디저트가 맛있어요', '커피가 맛있어요']",https://search.pstatic.net/common/?autoRotate=true&type=w560_sharpen&src=https%3A%2F%2Fldb-phinf.pstatic.net%2F20230818_258%2F1692335819404uMF5L_JPEG%2FIMG_0258.jpeg,"['차이밀크티', '동윤영밀크티', '아메리카노', '밀크티']"
웨스트빙고,카페,505,서울 동작구 동작대로13길 6 1층 웨스트빙고,"['커피가 맛있어요', '디저트가 맛있어요', '음료가 맛있어요']",https://search.pstatic.net/common/?autoRotate=true&type=w560_sharpen&src=https%3A%2F%2Fldb-phinf.pstatic.net%2F20220720_123%2F16582542970474D7Kh_PNG%2F%25B7%25CE%25B0%25ED_10.png,"['아메리카노', '카페라떼', '레몬스퀴즈에이드', '에그타르트']"
카페아뜨레,"카페,디저트",283,서울 동작구 여의대방로22길 132 1층 101호,"['디저트가 맛있어요', '커피가 맛있어요', '특별한 메뉴가 있어요']",https://search.pstatic.net/common/?autoRotate=true&type=w560_sharpen&src=https%3A%2F%2Fldb-phinf.pstatic.net%2F20230411_266%2F1681209737390UAv5K_JPEG%2F1680850738593.jpg,"['팥크림치즈붕어빵', '누텔라붕어빵', '고구마크림치즈붕어빵', '모짜렐라피자붕어빵']"
스타벅스 보라매공원R점,카페,999+,서울 동작구 보라매로5길 35,"['커피가 맛있어요', '친절해요', '음료가 맛있어요']",https://search.pstatic.net/common/?autoRotate=true&type=w560_sharpen&src=https%3A%2F%2Fldb-phinf.pstatic.net%2F20190828_93%2F1566953601239OT9MQ_PNG%2FxX7Wv642gXMoTI0DAv0hRymS.png,"['카페 아메리카노', '토피 넛 라떼', '토피 넛 팡도르', '별의 별 샌드위치']"
낸시스커피월드,"카페,디저트",53,서울 동작구 여의대방로36길 105 2층,"['인테리어가 멋져요', '커피가 맛있어요', '디저트가 맛있어요']",https://search.pstatic.net/common/?autoRotate=true&type=w560_sharpen&src=https%3A%2F%2Fldb-phinf.pstatic.net%2F20231103_52%2F16989874321647Fi6O_JPEG%2FKakaoTalk_20231103_135529190_04.jpg,"['쨈 스콘', '플레인 스콘', '황치즈 휘낭시에', '플레인 휘낭시에']"
투썸플레이스 보라매삼성쉐르빌점,카페,999+,서울 동작구 보라매로5길 43 1층 121호,"['커피가 맛있어요', '디저트가 맛있어요', '음료가 맛있어요']",https://search.pstatic.net/common/?autoRotate=true&type=w560_sharpen&src=https%3A%2F%2Fldb-phinf.pstatic.net%2F20220811_198%2F1660221443952fO9uI_JPEG%2F%25C5%25F5%25BD%25E6%25C7%25C3%25B7%25B9%25C0%25CC%25BD%25BA_%25BF%25A5%25BA%25ED%25B7%25BD.,"['P.TWG 1837 블랙티 무스', '엘더플라워 블랙티(R)', '우롱크림티(R)', '떠먹는티라미수']"
비펌킨카페,브런치카페,191,서울 동작구 사당로 273-1 1층,"['특별한 메뉴가 있어요', '음식이 맛있어요', '친절해요']",https://search.pstatic.net/common/?autoRotate=true&type=w560_sharpen&src=https%3A%2F%2Fldb-phinf.pstatic.net%2F20231118_223%2F1700271189568Cj9IK_JPEG%2FIMG_8186.jpeg,"['단호박뇨끼', '브런치플레이트', '미나리페스토파스타', '차돌오일파스타']"
피터패트,카페,999+,서울 동작구 상도로 294 1층 피터패트,"['커피가 맛있어요', '디저트가 맛있어요', '음료가 맛있어요']",https://search.pstatic.net/common/?autoRotate=true&type=w560_sharpen&src=https%3A%2F%2Fldb-phinf.pstatic.net%2F20220305_277%2F1646470183045Fv6Hp_JPEG%2F1646470072892-0.jpg,"['아메리카노', '플로럴 아이스티', '얼그레이초코', '카푸치노']"
초이굽당,"카페,디저트",595,서울 동작구 사당로16가길 19 1층 초이굽당,"['디저트가 맛있어요', '친절해요', '특별한 메뉴가 있어요']",https://search.pstatic.net/common/?autoRotate=true&type=w560_sharpen&src=https%3A%2F%2Fldb-phinf.pstatic.net%2F20221220_81%2F1671539040415jlRYO_JPEG%2F3E291CAB-B417-478B-B9B6-9F87636A8CA2.jpeg,"['아메리카노', '카페라떼', '헤이즐넛 아메리카노', '바닐라라떼']"
두댓커피,"카페,디저트",52,서울 동작구 상도로15길 55 1층 101호,"['커피가 맛있어요', '인테리어가 멋져요', '음료가 맛있어요']",https://search.pstatic.net/common/?autoRotate=true&type=w560_sharpen&src=https%3A%2F%2Fldb-phinf.pstatic.net%2F20230812_280%2F1691847587057vm2P0_PNG%2FIMG_0475.png,"['구수라떼', '두댓슈페너', '필터커피', '얼그레이 구아바 에이드']"
스타벅스 신대방삼거리역점,카페,999+,서울 동작구 상도로 102,"['커피가 맛있어요', '친절해요', '음료가 맛있어요']",https://search.pstatic.net/common/?autoRotate=true&type=w560_sharpen&src=https%3A%2F%2Fldb-phinf.pstatic.net%2F20190828_93%2F1566953601239OT9MQ_PNG%2FxX7Wv642gXMoTI0DAv0hRymS.png,"['토피 넛 라떼', '토피 넛 팡도르', '별의 별 샌드위치', '스타벅스 딸기 라떼']"
매니폴드,카페,199,서울 동작구 상도로15길 3 2층,"['디저트가 맛있어요', '커피가 맛있어요', '인테리어가 멋져요']",https://search.pstatic.net/common/?autoRotate=true&type=w560_sharpen&src=https%3A%2F%2Fldb-phinf.pstatic.net%2F20230302_164%2F16777189398470fruy_JPEG%2FKakaoTalk_Photo_2023-03-02-10-02-01_006.jpeg,"['버터카라멜', '딸기코코넛', '아인슈페너(피스타치오)', '주문케이크']"
디스턴스커피,"카페,디저트",713,서울 동작구 대림로 20 1층 디스턴스카페,"['커피가 맛있어요', '친절해요', '인테리어가 멋져요']",https://search.pstatic.net/common/?autoRotate=true&type=w560_sharpen&src=https%3A%2F%2Fldb-phinf.pstatic.net%2F20221210_25%2F1670664684309AJiHD_JPEG%2F_OJ_0135_%25BA%25B9%25BB%25E7.jpg,"['아메리카노', '카페라떼', '바닐라라떼', '초콜릿']"
아덴블랑제리 사당점,카페,101,서울 동작구 동작대로29길 69 1층 129호,"['커피가 맛있어요', '디저트가 맛있어요', '친절해요']",https://search.pstatic.net/common/?autoRotate=true&type=w560_sharpen&src=https%3A%2F%2Fldb-phinf.pstatic.net%2F20230918_42%2F1695025268144YUDAL_JPEG%2F%25BE%25C6%25B5%25A7%25BA%25ED%25B6%25FB%25C1%25A6%25B8%25AE.jpg,"['경주 커피( 한 모금 마시면 여기가 경주 보문호수 앞)(ONLY ICED)', '소금빵 (사장님 원픽)', '에그타르트', '밤 식빵( 밤 100G 무게로 증명하는 맛)']"
스타벅스 상도역점,카페,999+,서울 동작구 상도로37길 1,"['커피가 맛있어요', '친절해요', '음료가 맛있어요']",https://search.pstatic.net/common/?autoRotate=true&type=w560_sharpen&src=https%3A%2F%2Fldb-phinf.pstatic.net%2F20190828_93%2F1566953601239OT9MQ_PNG%2FxX7Wv642gXMoTI0DAv0hRymS.png,"['카페 아메리카노', '화이트 초콜릿 모카', '디카페인 스타벅스 돌체 라떼', '토피 넛 라떼']"
더빈마켓,"카페,디저트",987,서울 동작구 여의대방로24길 65 1층 더빈마켓,"['커피가 맛있어요', '디저트가 맛있어요', '친절해요']",https://search.pstatic.net/common/?autoRotate=true&type=w560_sharpen&src=https%3A%2F%2Fldb-phinf.pstatic.net%2F20230529_114%2F1685331914660XicNg_JPEG%2F16853318818879151614968408291571.jpg,"['에스프레소', '에스프레소 마끼아또', '아메리카노 콩1', '카페라떼']"
메리커피플레이스,카페,115,서울 동작구 보라매로5길 5 상가동 1층 119호,"['커피가 맛있어요', '친절해요', '디저트가 맛있어요']",https://search.pstatic.net/common/?autoRotate=true&type=w560_sharpen&src=https%3A%2F%2Fldb-phinf.pstatic.net%2F20231023_228%2F1698071672593SO6Xb_JPEG%2FIMG_9368.jpeg,"['선납결제 고객전용 주문', '에그마요 샌드위치', '카페라떼', '아메리카노']"
노뜨베이크샵,베이커리,267,서울 동작구 동작대로3길 32,"['친절해요', '빵이 맛있어요', '매장이 청결해요']",https://search.pstatic.net/common/?autoRotate=true&type=w560_sharpen&src=https%3A%2F%2Fldb-phinf.pstatic.net%2F20230404_249%2F1680607698825zCyxB_JPEG%2F20230127_131707.jpg,"['수제 마카롱', '마카롱 6구 포장박스', '마카롱 12구 포장박스', '수제 쿠키']"
파세로 에스프레소,"카페,디저트",585,서울 동작구 여의대방로24나길 10-2 1층 파세로 에스프레소바,"['커피가 맛있어요', '친절해요', '인테리어가 멋져요']",https://search.pstatic.net/common/?autoRotate=true&type=w560_sharpen&src=https%3A%2F%2Fldb-phinf.pstatic.net%2F20231124_128%2F1700833298863FwHfD_JPEG%2F92CA44D7-DC8A-4058-93BE-27D9E121B139.jpeg,"['Oslo', 'espresso', 'torino', 'Pino']"
이수커피,카페,369,서울 동작구 동작대로23길 13 1층 이수커피,"['커피가 맛있어요', '친절해요', '음료가 맛있어요']",https://search.pstatic.net/common/?autoRotate=true&type=w560_sharpen&src=https%3A%2F%2Fnaverbooking-phinf.pstatic.net%2F20231101_172%2F1698813193261hXx8f_JPEG%2Fimage.jpg,"['아메리카노', '오렌지비앙코', '오랜지자몽', '청귤차, 청귤에이드']"
액션커피,"카페,디저트",125,서울 동작구 서달로15길 23 액션커피,"['커피가 맛있어요', '친절해요', '특별한 메뉴가 있어요']",https://search.pstatic.net/common/?autoRotate=true&type=w560_sharpen&src=https%3A%2F%2Fldb-phinf.pstatic.net%2F20230218_114%2F1676677836439pTBKh_JPEG%2F1671271649072.jpg,"['창경궁', '경복궁', '비원', '바이올렛스톤더치']"
피숑,"카페,디저트",369,서울 동작구 만양로14길 35,"['커피가 맛있어요', '친절해요', '음료가 맛있어요']",https://search.pstatic.net/common/?autoRotate=true&type=w560_sharpen&src=https%3A%2F%2Fldb-phinf.pstatic.net%2F20211222_4%2F1640130358955vLQ2v_JPEG%2F1639969102436.jpg,"['스콘', '바닐라빈라떼', '아메리카노', '카페라떼']"
투디카페,"카페,디저트",197,서울 동작구 상도로 285 리버웨이 1층,"['디저트가 맛있어요', '친절해요', '매장이 청결해요']",https://search.pstatic.net/common/?autoRotate=true&type=w560_sharpen&src=https%3A%2F%2Fldb-phinf.pstatic.net%2F20220203_277%2F1643885482690PHzbA_PNG%2FScreenshot_20220203-194300_Instagram.png,"['도시락케이크', '홀케이크']"
레스트어와일,"카페,디저트",589,서울 동작구 보라매로7가길 4 1층상가,"['디저트가 맛있어요', '커피가 맛있어요', '친절해요']",https://search.pstatic.net/common/?autoRotate=true&type=w560_sharpen&src=https%3A%2F%2Fldb-phinf.pstatic.net%2F20210131_182%2F1612065437676YIpJa_JPEG%2FDpIvsCPipXiQhIY8PcuZREJ8.jpg,"['아메리카노', '카페라떼', '카푸치노', '바닐라라떼']"
멜로우무드,"카페,디저트",270,서울 동작구 사당로26길 109 1층,"['디저트가 맛있어요', '커피가 맛있어요', '친절해요']",https://search.pstatic.net/common/?autoRotate=true&type=w560_sharpen&src=https%3A%2F%2Fldb-phinf.pstatic.net%2F20221212_80%2F1670843787579j4MPu_JPEG%2F3D1911B4-3B5D-4E18-AC2E-9ED6791959F9.jpeg,"['아메리카노', '라떼', '에그타르트']"
양씨네제빵소,베이커리,999+,서울 동작구 성대로1길 18-5 1층,"['빵이 맛있어요', '친절해요', '특별한 메뉴가 있어요']",https://search.pstatic.net/common/?autoRotate=true&type=w560_sharpen&src=https%3A%2F%2Fldb-phinf.pstatic.net%2F20191031_180%2F1572533100393yCTE0_JPEG%2F5l1tQEuq4paU600FY04VCqqr.jpeg.jpg,['바게트']
필링필링,"카페,디저트",521,서울 동작구 만양로18길 22 1층,"['디저트가 맛있어요', '친절해요', '가성비가 좋아요']",https://search.pstatic.net/common/?autoRotate=true&type=w560_sharpen&src=https%3A%2F%2Fldb-phinf.pstatic.net%2F20220401_64%2F1648783355414VbXsB_JPEG%2FCA33FE20-79AB-4AE8-B7D7-5CD73FBE8D56.jpeg,"['에그타르트', '피낭시에', '까눌레', '딸기우유/블루베리우유/초코우유']"
코랄밸리,"카페,디저트",642,서울 동작구 국사봉1길 62,"['디저트가 맛있어요', '친절해요', '특별한 메뉴가 있어요']",https://search.pstatic.net/common/?autoRotate=true&type=w560_sharpen&src=https%3A%2F%2Fldb-phinf.pstatic.net%2F20220913_38%2F166306160307520qOW_JPEG%2F6530E986-AC62-4C6D-ADB3-85EB441A13AD.jpeg,"['조개마카롱', '아메리카노', '카페라떼', '바닐라라떼']"
퍼시브 커피,"카페,디저트",298,"서울 동작구 동작대로17길 9 1층, 퍼시브커피","['커피가 맛있어요', '친절해요', '음료가 맛있어요']",https://search.pstatic.net/common/?autoRotate=true&type=w560_sharpen&src=https%3A%2F%2Fldb-phinf.pstatic.net%2F20211211_298%2F1639212955343g1hvi_JPEG%2F36ADE4C2-A855-46A4-AAF5-871002B4B819.jpeg,"['아메리카노', '카페라떼', '브루잉커피', '아인슈페너']"
아트나인&잇나인,카페,999+,서울 동작구 동작대로 89 골든시네마 12층 아트나인&잇나인,"['뷰가 좋아요', '인테리어가 멋져요', '친절해요']",https://search.pstatic.net/common/?autoRotate=true&type=w560_sharpen&src=https%3A%2F%2Fldb-phinf.pstatic.net%2F20200808_292%2F1596888614220QfIaq_JPEG%2F-T099FZa8kpQAsVNDJ1Yq6YJ.jpeg.jpg,"['명란 크림 파스타', '소고기 대파 파스타', '김치 필라프', '새우 필라프']"
가춘,베이커리,999+,서울 동작구 상도로 357 1층 가춘,"['빵이 맛있어요', '친절해요', '특별한 메뉴가 있어요']",https://search.pstatic.net/common/?autoRotate=true&type=w560_sharpen&src=https%3A%2F%2Fldb-phinf.pstatic.net%2F20221208_291%2F16705000371241fnPh_JPEG%2F59A38B13-C3B2-49D3-AF70-6856962510D7.jpeg,"['올리브 치아바타', '가춘샐러드', '소금빵', '에그타르트']"
커피나무 랩,카페,419,서울 동작구 상도로53길 65 커피나무빌딩 1층,"['커피가 맛있어요', '매장이 청결해요', '친절해요']",https://search.pstatic.net/common/?autoRotate=true&type=w560_sharpen&src=https%3A%2F%2Fldb-phinf.pstatic.net%2F20190724_149%2F1563927956559EvOJD_JPEG%2FK4BSZcGA2Zk_1Dc0B_3iStSL.JPG.jpg,"['아메리카노', '카페라떼', '쑥라떼', '디카페인라떼']"
도쿄빙수 이수점,빙수,999+,서울 동작구 동작대로27길 38,"['디저트가 맛있어요', '특별한 메뉴가 있어요', '친절해요']",https://search.pstatic.net/common/?autoRotate=true&type=w560_sharpen&src=https%3A%2F%2Fldb-phinf.pstatic.net%2F20170706_161%2F1499309301709XDKX2_JPEG%2F186655518772938_0.jpeg,"['Ice 페퍼커피 (아인슈패너)', '토마토빙수(도쿄빙수 시그니쳐)', '후지산말차빙수', '미타라시 당고 간장맛(3pcs)']"
뺑빼르망떼,베이커리,443,서울 동작구 만양로8길 68 1층,"['빵이 맛있어요', '특별한 메뉴가 있어요', '친절해요']",https://search.pstatic.net/common/?autoRotate=true&type=w560_sharpen&src=https%3A%2F%2Fldb-phinf.pstatic.net%2F20210420_94%2F1618908829443RK4Ai_PNG%2FneyaeZJdczKpGpMPOxw6AlT0.png,"['고구마 크림치즈', '100% 우유식빵 (주말한정)', '사워도우 바게트', '크로와상']"
할리스 대방역점,카페,999+,서울 동작구 알마타길 6 할리스커피 대방역점,"['커피가 맛있어요', '음료가 맛있어요', '디저트가 맛있어요']",https://search.pstatic.net/common/?autoRotate=true&type=w560_sharpen&src=https%3A%2F%2Fldb-phinf.pstatic.net%2F20210302_125%2F161464487124061agC_JPEG%2FK15utTFWXeuNEny1JMXiV57W.jpg,"['딸기 치즈케익 할리치노', '민트 초코칩 할리치노', '바닐라 딜라이트', '카라멜 마키아또']"
스타벅스 이수자이점,카페,999+,서울 동작구 사당로 300,"['커피가 맛있어요', '친절해요', '음료가 맛있어요']",https://search.pstatic.net/common/?autoRotate=true&type=w560_sharpen&src=https%3A%2F%2Fldb-phinf.pstatic.net%2F20190828_93%2F1566953601239OT9MQ_PNG%2FxX7Wv642gXMoTI0DAv0hRymS.png,"['프리미엄 바나나', '카라멜 프라푸치노', '카페 라떼', '트러플 머쉬룸 수프']"
흑석커피,"카페,디저트",326,서울 동작구 서달로14가길 5 2층,"['커피가 맛있어요', '대화하기 좋아요', '친절해요']",https://search.pstatic.net/common/?autoRotate=true&type=w560_sharpen&src=https%3A%2F%2Fldb-phinf.pstatic.net%2F20200901_111%2F1598947940824eIdD3_JPEG%2F77tjOTxyABizz9LznvZS3a5T.jpg,"['옐로우커피', '아메리카노', '라떼', '아인슈페너']"
에이바우트커피 이수점,카페,947,서울 동작구 동작대로27가길 12,"['커피가 맛있어요', '가성비가 좋아요', '음료가 맛있어요']",https://search.pstatic.net/common/?autoRotate=true&type=w560_sharpen&src=https%3A%2F%2Fldb-phinf.pstatic.net%2F20210324_275%2F1616533217554cJXtB_JPEG%2Fr7f7adX9inKqIYl-SGm4qUyX.jpg,"['아메리카노', '카페라떼', '바닐라라떼', '샌드위치']"
네오베이커리,베이커리,347,서울 동작구 사당로26길 111 1층 전봇대 옆 NEObakery,"['빵이 맛있어요', '친절해요', '특별한 메뉴가 있어요']",https://search.pstatic.net/common/?autoRotate=true&type=w560_sharpen&src=https%3A%2F%2Fldb-phinf.pstatic.net%2F20220204_89%2F16439557156830UAyx_JPEG%2FA474D43A-F2BE-448A-9DB6-47E8D6EA2310.jpeg,"['쇼숑 오 폼', '치즈푸가스', '올리브푸가스', '사워도우']"
오가네팬케이크,카페,106,서울 동작구 노량진로 176,['리뷰 참여자가 10명이 되지 않습니다.'],https://search.pstatic.net/common/?autoRotate=true&type=w560_sharpen&src=http%3A%2F%2Fblogfiles.naver.net%2FMjAyMzA4MTRfMTQ1%2FMDAxNjkyMDAwMzY1NDU3.rLanZ6Pmp2lABPqqmxU91sHGzLmuaERp5zs-oP1W7Lsg.Ptj4ttqme077j9iyjJ8NH5j7FaGrm_cmjelsc1kIcZYg.JPEG.brightsunhm%2FKakaoTalk_20230814_165605253_07.jpg,"['피자팬케익', '고구마', '콘팬케익', '트리플치즈']"
베이커리 더블유,베이커리,811,서울 동작구 동작대로9길 4 1층 베이커리 더블유,"['빵이 맛있어요', '친절해요', '특별한 메뉴가 있어요']",https://search.pstatic.net/common/?autoRotate=true&type=w560_sharpen&src=https%3A%2F%2Fldb-phinf.pstatic.net%2F20220210_31%2F1644482128872rIvR0_JPEG%2FCED7B10D-A070-49C6-AEF7-62B2DA895595.jpeg,"['W 시오빵(소금빵)', 'W 대파식빵', '에그타르트', '무화과깜빠뉴']"
스타벅스 중앙대점,카페,999+,서울 동작구 흑석로 75-1,"['커피가 맛있어요', '음료가 맛있어요', '친절해요']",https://search.pstatic.net/common/?autoRotate=true&type=w560_sharpen&src=https%3A%2F%2Fldb-phinf.pstatic.net%2F20190828_93%2F1566953601239OT9MQ_PNG%2FxX7Wv642gXMoTI0DAv0hRymS.png,"['블론드 바닐라 더블 샷 마키아또', '카페 아메리카노', '토피 넛 라떼', '토피 넛 팡도르']"
베리굳베이글 이수점,베이커리,614,서울 동작구 동작대로 187 1층,"['빵이 맛있어요', '친절해요', '매장이 청결해요']",https://search.pstatic.net/common/?autoRotate=true&type=w560_sharpen&src=https%3A%2F%2Fldb-phinf.pstatic.net%2F20221130_176%2F16698009405655EWk3_JPEG%2F893990AB-E5C6-4323-8BC8-B3B4E3B563DE.jpeg,[]
모녀당 상도점,"카페,디저트",281,서울 동작구 양녕로 272 2층,"['디저트가 맛있어요', '커피가 맛있어요', '친절해요']",https://search.pstatic.net/common/?autoRotate=true&type=w560_sharpen&src=https%3A%2F%2Fldb-phinf.pstatic.net%2F20221105_183%2F1667624849741K2MaC_JPEG%2F3BE602D9-BA7E-4738-850C-C7BFEF3F128A.jpeg,"['까눌레', '휘낭시에', '모녀당 마들렌', '레몬케이크']"
틱택커피,"카페,디저트",228,서울 동작구 대림로 16 1층,"['커피가 맛있어요', '친절해요', '인테리어가 멋져요']",https://search.pstatic.net/common/?autoRotate=true&type=w560_sharpen&src=https%3A%2F%2Fldb-phinf.pstatic.net%2F20231026_100%2F1698311847753hye66_JPEG%2FKakaoTalk_20231026_181636116.jpg,"['에티오렌지', '오렌지스카치']"
웰컴,"카페,디저트",470,서울 동작구 성대로29길 50 웰컴 카페,"['친절해요', '인테리어가 멋져요', '음식이 맛있어요']",https://search.pstatic.net/common/?autoRotate=true&type=w560_sharpen&src=https%3A%2F%2Fldb-phinf.pstatic.net%2F20190611_271%2F1560230193673eHPDe_JPEG%2FVtR4CgGXqCb1VqhBRUU34rcm.jpg,"['카페 ( 22pm 까지 )', '와인', '토마토소스 샥슈카', '크림소스 치킨스튜']"
브레디언,베이커리,241,서울 동작구 동작대로3길 40,"['빵이 맛있어요', '친절해요', '특별한 메뉴가 있어요']",https://search.pstatic.net/common/?autoRotate=true&type=w560_sharpen&src=https%3A%2F%2Fldb-phinf.pstatic.net%2F20171012_293%2F1507790289225wpbTY_JPEG%2FhRP6IBBCqE9s3ZcEH87jA9tN.jpeg.jpg,"['제빵류', '제과류', '케잌']"
베브릿지 중앙대점,카페,502,서울 동작구 흑석로9길 4 1층 베브릿지 중앙대점,"['음료가 맛있어요', '커피가 맛있어요', '특별한 메뉴가 있어요']",https://search.pstatic.net/common/?autoRotate=true&type=w560_sharpen&src=https%3A%2F%2Fnaverbooking-phinf.pstatic.net%2F20231028_228%2F1698469225757LTa1U_PNG%2F%25BD%25BA%25B9%25AB%25B5%25F0%25BA%25BC_%25C4%25B8%25C3%25C4.png,"['베브릿지 누텔라 쉐이크', '신또 망고 리치', '아메리카노', '블루베리 치즈케익']"
뚱보롱,베이커리,780,서울 동작구 사당로17길 9 1층,"['특별한 메뉴가 있어요', '친절해요', '빵이 맛있어요']",https://search.pstatic.net/common/?autoRotate=true&type=w560_sharpen&src=https%3A%2F%2Fldb-phinf.pstatic.net%2F20231115_28%2F1700039058760vds60_JPEG%2F1000029980.jpg,"['기본메뉴', '크렘브륄레', '치즈케이크 토핑메뉴', '생딸기마스카포네(딸기시즌 시그니쳐)']"
먼셀커피 이수점,"카페,디저트",689,서울 동작구 사당로 257 1층 먼셀커피,"['커피가 맛있어요', '인테리어가 멋져요', '음료가 맛있어요']",https://search.pstatic.net/common/?autoRotate=true&type=w560_sharpen&src=https%3A%2F%2Fldb-phinf.pstatic.net%2F20230716_24%2F16895174263585mgxr_JPEG%2FF9B24DCD-5B2E-48AE-9574-99202643A1E7.jpeg,"['아메리카노 Americano', '카페라떼']"
요굿트,"카페,디저트",165,서울 동작구 사당로29가길 25 1층,"['디저트가 맛있어요', '특별한 메뉴가 있어요', '친절해요']",https://search.pstatic.net/common/?autoRotate=true&type=w560_sharpen&src=https%3A%2F%2Fldb-phinf.pstatic.net%2F20230826_23%2F1693023195572OrfbL_JPEG%2F%25B8%25F0%25C0%25BD%25C4%25C6_03.,"['플레인 그릭요거트', '체리 그릭요거트', '샤인머스켓볼', '과일추가']"
미쉐 중앙대점,"카페,디저트",366,서울 동작구 흑석로 90 1층,"['가성비가 좋아요', '디저트가 맛있어요', '음료가 맛있어요']",https://search.pstatic.net/common/?autoRotate=true&type=w560_sharpen&src=https%3A%2F%2Fldb-phinf.pstatic.net%2F20231013_18%2F1697175325585jOhsW_PNG%2FWeixin_Image_20230908140506.png,"['블랙밀크티', '딸기 아이스크림 쉐이크', '흑당밀크티', '치즈폼 우롱티']"
스타벅스 숭실대입구역점,카페,999+,서울 동작구 상도로 354,"['커피가 맛있어요', '친절해요', '음료가 맛있어요']",https://search.pstatic.net/common/?autoRotate=true&type=w560_sharpen&src=https%3A%2F%2Fldb-phinf.pstatic.net%2F20190828_93%2F1566953601239OT9MQ_PNG%2FxX7Wv642gXMoTI0DAv0hRymS.png,"['카페 라떼', '토피 넛 라떼', '토피 넛 팡도르', '별의 별 샌드위치']"
헤븐리가든,"카페,디저트",282,서울 동작구 상도로34길 11,"['커피가 맛있어요', '친절해요', '음료가 맛있어요']",https://search.pstatic.net/common/?autoRotate=true&type=w560_sharpen&src=https%3A%2F%2Fldb-phinf.pstatic.net%2F20190122_204%2F1548144340223GvXTg_JPEG%2FBig_Qgl8JKlndhxEtKAQGdj7.jpeg.jpg,"['아이스크림 와플', '그린플로팅라떼', '아메리카노', '생강라떼(수제)']"
본디,베이커리,202,서울 동작구 노량진로 10 1층 스타트업매장 4호,"['빵이 맛있어요', '친절해요', '특별한 메뉴가 있어요']",https://search.pstatic.net/common/?autoRotate=true&type=w560_sharpen&src=https%3A%2F%2Fldb-phinf.pstatic.net%2F20210609_221%2F1623165925983e7VgV_JPEG%2FuWOOX2ETSyWxbWr8tkqTuxdg.jpeg.jpg,"['귀리스콘', '비스코티', '자색 고구마 찹쌀파이', '흑임자 앙스콘']"
블랙모티브 사당역점,카페,322,서울 동작구 동작대로7길 48 1층,"['커피가 맛있어요', '음료가 맛있어요', '친절해요']",https://search.pstatic.net/common/?autoRotate=true&type=w560_sharpen&src=https%3A%2F%2Fldb-phinf.pstatic.net%2F20220218_94%2F1645126113228zF4wz_JPEG%2FKakaoTalk_20220210_165816861_04.jpg,"['크로플 2PCS + 아메세트', '불고기 키토김밥', 'black 아메리카노', '한뿌리 수삼라떼']"
팔공티 노량진점,차,970,서울 동작구 노량진로 180 1층,"['음료가 맛있어요', '가성비가 좋아요', '친절해요']",https://search.pstatic.net/common/?autoRotate=true&type=w560_sharpen&src=https%3A%2F%2Fldb-phinf.pstatic.net%2F20230829_49%2F1693272196957zP8QX_PNG%2F2023_%25C0%25A5%25BF%25EB_%25B8%25AE%25B4%25BA%25BE%25F3_%25B7%25CE%25B0%25ED_%25283%2529.png,"['블러싱 레몬히비스 프룻티', '딸기몽땅밀크티', '블랙밀크티', '돌체블랙밀크티']"
다정한 책방,북카페,113,서울 동작구 동작대로9가길 32 다정한 책방,"['카페 같은 분위기에요', '책 읽기 쾌적해요', '시설이 깔끔해요']",https://search.pstatic.net/common/?autoRotate=true&type=w560_sharpen&src=https%3A%2F%2Fnaverbooking-phinf.pstatic.net%2F20231105_108%2F1699174163519o6mRK_JPEG%2F%25C7%25CF%25B7%25E7%25C5%25B0%25B9%25E6%25C0%25FC%25C3%25BC.jpg,"['기본 제공(커피 or TWG Tea)', '캡슐 커피', 'TWG Tea', '기본 제공 음료를 맥주로 변경시']"
카페 모닥불,카페,176,서울 동작구 상도로19길 7 1층 카페 모닥불,"['커피가 맛있어요', '친절해요', '특별한 메뉴가 있어요']",https://search.pstatic.net/common/?autoRotate=true&type=w560_sharpen&src=https%3A%2F%2Fldb-phinf.pstatic.net%2F20230410_170%2F1681126918913XkbSb_JPEG%2FFCA004BD-ACEA-42F0-A794-875297F69EC3.jpeg,"['아메리카노(모카포트)', '핸드드립', '모닥불 크림 라떼(모카포트)', '오레그랏세(모카포트)']"
버터문,"카페,디저트",24,서울 동작구 동작대로9가길 18-1,"['디저트가 맛있어요', '친절해요', '매장이 청결해요']",https://search.pstatic.net/common/?autoRotate=true&type=w560_sharpen&src=https%3A%2F%2Fldb-phinf.pstatic.net%2F20231109_37%2F1699509338777sEize_JPEG%2FIMG_7158.jpeg,"['[가을메뉴] 단호박파운드', '클래식 휘낭시에', '살구크럼블 휘낭시에', '무화과 크림치즈 휘낭시에']"
오버트 노량진,"카페,디저트",9,서울 동작구 장승배기로18길 3 1층,['리뷰 참여자가 10명이 되지 않습니다.'],https://search.pstatic.net/common/?autoRotate=true&type=w560_sharpen&src=https%3A%2F%2Fldb-phinf.pstatic.net%2F20231106_52%2F1699234749464lWgL9_JPEG%2FIMG_6269.jpeg,"['아메리카노', '라떼', '뷔릴레라떼', '크림라떼']"
달콤한설렘,베이커리,275,서울 동작구 보라매로3길 29 1층 28호,"['친절해요', '디저트가 맛있어요', '빵이 맛있어요']",https://search.pstatic.net/common/?autoRotate=true&type=w560_sharpen&src=https%3A%2F%2Fldb-phinf.pstatic.net%2F20230720_171%2F1689792402418fbA9D_JPEG%2F20230720_032225.jpg,"['소금 베이글', '약과 쿠키', '황치즈 버터바', '에그타르트']"
와이든커피,"카페,디저트",117,서울 동작구 여의대방로26길 73 1층,"['커피가 맛있어요', '친절해요', '인테리어가 멋져요']",https://search.pstatic.net/common/?autoRotate=true&type=w560_sharpen&src=https%3A%2F%2Fvideo-phinf.pstatic.net%2F20230919_160%2F1695096124113uPdLd_JPEG%2F48ac2a32-56a1-11ee-b54f-a0369ffac20c_03.jpg,"['브라운치즈라떼', '신대방 라떼', '크림모카라떼', '제주말차크림라떼']"
37.5 동작이수점,브런치,999+,서울 동작구 동작대로27가길 23 이오빌딩 2층,"['음식이 맛있어요', '인테리어가 멋져요', '매장이 청결해요']",https://search.pstatic.net/common/?autoRotate=true&type=w560_sharpen&src=https%3A%2F%2Fldb-phinf.pstatic.net%2F20230302_235%2F1677736866159ENj5i_JPEG%2F05.jpg,"['스파이시 라구 파스타', '얼큰한 빼쉐 파스타', '푸짐한 정통 미국식 브런치', '알리오올리오 파스타(특가)']"
동장군 친구들,빙수,122,서울 동작구 동작대로7길 56 1층,"['친절해요', '디저트가 맛있어요', '특별한 메뉴가 있어요']",https://search.pstatic.net/common/?autoRotate=true&type=w560_sharpen&src=https%3A%2F%2Fldb-phinf.pstatic.net%2F20201222_62%2F1608646723192V5SWE_JPEG%2FzPtUSAtv7AAz1LF3xzCe8yil.jpeg.jpg,"['팥빙수', '단팥죽', '컵빙수', '딸기빙수']"
벨라의 케이크,케이크전문,91,서울 동작구 상도로62길 69 B1층,['리뷰 참여자가 10명이 되지 않습니다.'],https://search.pstatic.net/common/?autoRotate=true&type=w560_sharpen&src=https%3A%2F%2Fldb-phinf.pstatic.net%2F20230502_200%2F1683036426233ujOC5_JPEG%2FA53EA0EF-1CFE-47A7-896D-96EC2F9A9F3A.jpeg,"['어버이날케이크', '도시락케이크', '미니케이크', '1호 케이크']"
카페프랑,"카페,디저트",136,서울 동작구 동작대로35가길 9 1층 2호 카페프랑,"['커피가 맛있어요', '디저트가 맛있어요', '친절해요']",https://search.pstatic.net/common/?autoRotate=true&type=w560_sharpen&src=https%3A%2F%2Fvideo-phinf.pstatic.net%2F20231126_201%2F1700971698422QwxOh_JPEG%2F6d31b257-8c11-11ee-b864-505dac8c37f3_03.jpg,"['통밀클럽샌드위치', '순우유팥빙수', '플레인 크로플', '인절미콩빙수']"
할리스커피 이수역점,카페,893,서울 동작구 동작대로 83 헤라피스빌딩,"['커피가 맛있어요', '친절해요', '음료가 맛있어요']",https://search.pstatic.net/common/?autoRotate=true&type=w560_sharpen&src=https%3A%2F%2Fldb-phinf.pstatic.net%2F20210302_125%2F161464487124061agC_JPEG%2FK15utTFWXeuNEny1JMXiV57W.jpg,"['딸기 치즈케익 할리치노', '민트 초코칩 할리치노', '바닐라 딜라이트', '카라멜 마키아또']"
빵구석,베이커리,95,서울 동작구 여의대방로22나길 18 1층,"['빵이 맛있어요', '친절해요', '가성비가 좋아요']",https://search.pstatic.net/common/?autoRotate=true&type=w560_sharpen&src=https%3A%2F%2Fldb-phinf.pstatic.net%2F20230707_72%2F1688710416823TmlJF_JPEG%2FKakaoTalk_20230707_150956522_04.jpg,"['아메리카노', '카페라떼', '바닐라 빈 라떼', '말차라떼']"
스타벅스 숭실대점,카페,999+,서울 동작구 사당로 4,"['커피가 맛있어요', '친절해요', '음료가 맛있어요']",https://search.pstatic.net/common/?autoRotate=true&type=w560_sharpen&src=https%3A%2F%2Fldb-phinf.pstatic.net%2F20190828_93%2F1566953601239OT9MQ_PNG%2FxX7Wv642gXMoTI0DAv0hRymS.png,"['카페 아메리카노', '토피 넛 라떼', '토피 넛 팡도르', '별의 별 샌드위치']"
히뽀1997,베이커리,281,서울 동작구 노량진로24길 36,"['빵이 맛있어요', '친절해요', '인테리어가 멋져요']",https://search.pstatic.net/common/?autoRotate=true&type=w560_sharpen&src=https%3A%2F%2Fldb-phinf.pstatic.net%2F20210117_245%2F1610855396636Hte2Q_JPEG%2FIJj4lL5sKAj5l2hV_Mv3cLX6.jpeg.jpg,"['시오빵', '호두크렌베리깜빠뉴', '바게트', '단팥빵']"
디어리스,베이커리,195,서울 동작구 상도로 346-1 힐스테이트상도센트럴파크 1차 상가 3동 1층 107호,"['빵이 맛있어요', '친절해요', '가성비가 좋아요']",https://search.pstatic.net/common/?autoRotate=true&type=w560_sharpen&src=https%3A%2F%2Fldb-phinf.pstatic.net%2F20231106_285%2F16992772852678lxaH_JPEG%2F%25B5%25F0%25BE%25EE%25B8%25AE%25BD%25BA-%25C4%25C9%25C0%25CC%25C5%25A9.jpg,"['디어리스 순우유케이크', '소금빵', '치아바타', '바게트']"
동작카페,"카페,디저트",387,서울 동작구 노량진로8길 60 1층,"['커피가 맛있어요', '친절해요', '디저트가 맛있어요']",https://search.pstatic.net/common/?autoRotate=true&type=w560_sharpen&src=https%3A%2F%2Fldb-phinf.pstatic.net%2F20210825_58%2F16298756040362b4C0_JPEG%2FUtCSthZRZ9a_IOkf7G4E1Tv-.jpg,"['아메리카노', '브라운치즈크로플']"
블랑제리가마,베이커리,976,서울 동작구 만양로 6 노빌리티상가 113호,"['빵이 맛있어요', '친절해요', '매장이 청결해요']",https://search.pstatic.net/common/?autoRotate=true&type=w560_sharpen&src=https%3A%2F%2Fldb-phinf.pstatic.net%2F20230403_246%2F1680471511138fM0n0_JPEG%2F20230326_130452.jpg,"['소프트마늘바게트', '생크림케익 1호', '바질토마토치즈', '초코생크림케익 1호']"
아오스요거트 중앙대점,"카페,디저트",58,"서울 동작구 흑석로 85-11 1층, 2층","['디저트가 맛있어요', '인테리어가 멋져요', '친절해요']",https://search.pstatic.net/common/?autoRotate=true&type=w560_sharpen&src=https%3A%2F%2Fldb-phinf.pstatic.net%2F20230228_33%2F1677554338609ISXvm_JPEG%2F%25BE%25C6%25BF%25C0%25BD%25BA%25BF%25E4%25B0%25C5%25C6%25AE.jpg,"['레옹', '비포선셋', '테이트모던']"
달콤쌉싸롱,카페,537,서울 동작구 노량진로12길 12-4 1층 지하1층,"['커피가 맛있어요', '가성비가 좋아요', '집중하기 좋아요']",https://search.pstatic.net/common/?autoRotate=true&type=w560_sharpen&src=https%3A%2F%2Fldb-phinf.pstatic.net%2F20221120_26%2F16689458296988sTwu_JPEG%2F20221120_210213_HDR.jpg,"['TakeOut아메리카노', '아메리카노', '에스프레소', '카페라떼']"
오갈미,"카페,디저트",193,서울 동작구 상도로50길 9 1층 오갈미,"['디저트가 맛있어요', '특별한 메뉴가 있어요', '친절해요']",https://search.pstatic.net/common/?autoRotate=true&type=w560_sharpen&src=https%3A%2F%2Fldb-phinf.pstatic.net%2F20220407_111%2F1649325239326OQWv7_JPEG%2F%25BF%25C0%25B8%25AE%25C1%25F6%25B3%25CE.jpg,"['오갈미파이 6입상자', '양갱 12입 상자', '주문 : 홀케이크', '티라미수']"
LITITCOFFEE,"카페,디저트",296,서울 동작구 상도로47바길 48 1층 릿잇커피,"['커피가 맛있어요', '집중하기 좋아요', '친절해요']",https://search.pstatic.net/common/?autoRotate=true&type=w560_sharpen&src=http%3A%2F%2Fblogfiles.naver.net%2FMjAyMzEwMTZfMTEw%2FMDAxNjk3NDMwMzA1MTQ5.MMoDE0KNqaU7WpIUVNMDPeFkEL6SF-78vjuQRgwiia0g.np7ib_9fZz5WxXbfaGHRZ7bpj0r6SHupFitao-7l_VAg.JPEG.sj24147%2FIMG_8131.jpg,"['아메리카노', '코코넛밀크', '밀크쉐이크', '반할커피']"
엔제리너스 이수역점,카페,999+,서울 동작구 동작대로25길 16 BF1 ~ 2F,"['커피가 맛있어요', '대화하기 좋아요', '디저트가 맛있어요']",https://search.pstatic.net/common/?autoRotate=true&type=w560_sharpen&src=https%3A%2F%2Fldb-phinf.pstatic.net%2F20220905_13%2F16623678242693JsIs_JPEG%2F%25BF%25A3%25C1%25A9%25B7%25CE%25B0%25ED1.jpg,"['달콤치즈볼', '레스큐어버터롤', '연유파이', '치즈프레첼']"
슈니퐁당,"카페,디저트",400,서울 동작구 사당로 28 1층 102호,"['디저트가 맛있어요', '특별한 메뉴가 있어요', '친절해요']",https://search.pstatic.net/common/?autoRotate=true&type=w560_sharpen&src=https%3A%2F%2Fldb-phinf.pstatic.net%2F20210419_173%2F1618803437966SSElS_JPEG%2FYTndUzwUnBfz2yjX7WtU41iP.jpg,"['100%국산통팥 실타래빙수(2인분)', '우유생크림와플', 'ICE 아메리카노(L)', '프렌치 누텔라바나나 크레페']"
더밀베이커리,베이커리,999+,서울 동작구 장승배기로 114,"['빵이 맛있어요', '가성비가 좋아요', '친절해요']",https://search.pstatic.net/common/?autoRotate=true&type=w560_sharpen&src=https%3A%2F%2Fldb-phinf.pstatic.net%2F20200928_174%2F1601254220734gtz7K_PNG%2FpNsD_9sJg8M4QkT_M9cxVYjl.png,"['우유식빵', '소금빵', '크로아상샌드위치', '단팥빵']"
지지엔엔 베이크 샵,"카페,디저트",205,서울 동작구 만양로8길 50 우성아파트상가 1층 009호,"['디저트가 맛있어요', '친절해요', '특별한 메뉴가 있어요']",https://search.pstatic.net/common/?autoRotate=true&type=w560_sharpen&src=https%3A%2F%2Fldb-phinf.pstatic.net%2F20211116_292%2F1637052538132kWnS5_JPEG%2FKakaoTalk_Photo_2021-11-16-17-48-41.jpeg,"['ZZNN크림라떼', '시그니처 에그스콘', '고메버터 소금빵', '휘낭시에']"
바로요거,"카페,디저트",111,서울 동작구 흑석로 124-1 1층,"['디저트가 맛있어요', '친절해요', '매장이 청결해요']",https://search.pstatic.net/common/?autoRotate=true&type=w560_sharpen&src=https%3A%2F%2Fldb-phinf.pstatic.net%2F20211208_106%2F1638942628343MAGAY_JPEG%2F3B446A01-D881-4CE2-8409-D9A059FACC5E.jpeg,"['요거트볼+커피 set', '파인애플망고지', '사과에반하나', '블루베리 그릭 (대)']"
베러배러,베이커리,791,서울 동작구 보라매로3길 29 제1층 제13호,"['빵이 맛있어요', '특별한 메뉴가 있어요', '친절해요']",https://search.pstatic.net/common/?autoRotate=true&type=w560_sharpen&src=https%3A%2F%2Fldb-phinf.pstatic.net%2F20201216_231%2F1608113761359vmFrb_JPEG%2Ff_6gRxHvrO5dNdLU6YFhAQhv.jpg,['플레인스콘']
루미에르,"카페,디저트",158,서울 동작구 보라매로9라길 28 1층,"['커피가 맛있어요', '디저트가 맛있어요', '인테리어가 멋져요']",https://search.pstatic.net/common/?autoRotate=true&type=w560_sharpen&src=https%3A%2F%2Fldb-phinf.pstatic.net%2F20230427_88%2F1682579814648F8bSU_JPEG%2FKakaoTalk_20230427_161106406.jpg,"['라임 구아바 에이드', '코코초코 휘낭시에', '레몬 얼그레이 스콘', '쑥 앙금 스콘']"
보스톤커피 보라매역점,카페,186,서울 동작구 여의대방로 142,"['디저트가 맛있어요', '커피가 맛있어요', '대화하기 좋아요']",https://search.pstatic.net/common/?autoRotate=true&type=w560_sharpen&src=https%3A%2F%2Fldb-phinf.pstatic.net%2F20171026_268%2F1508983151843HQkPh_JPEG%2F9RuiPFHewuWArizI-0MMbj1w.jpg,"['직화로스팅커피', '티로피타 피자', '맥주(하이네켄, 산미구엘, 호가든, 칭타오)', '맥주(대동강, 아사히)']"
바모스,"카페,디저트",431,서울 동작구 신대방길 9 1층,"['디저트가 맛있어요', '친절해요', '커피가 맛있어요']",https://search.pstatic.net/common/?autoRotate=true&type=w560_sharpen&src=https%3A%2F%2Fldb-phinf.pstatic.net%2F20230206_10%2F1675653837481B3XN1_JPEG%2F119375B0-6D7A-4E3B-9A35-0FA95F7E6403.jpeg,"['바모스커피(아인슈페너)', '아이스아메리카노', '카페라떼', '바닐라라떼']"
선녀호두파이,베이커리,289,서울 동작구 상도로 267 1층 선녀호두파이,"['빵이 맛있어요', '친절해요', '특별한 메뉴가 있어요']",https://search.pstatic.net/common/?autoRotate=true&type=w560_sharpen&src=https%3A%2F%2Fldb-phinf.pstatic.net%2F20210819_83%2F16293553982313Ee4A_GIF%2FbgKFLE1KcFfoCLIMsrOkU0uV.GIF.g,"['반반파이(중)', '반반파이(대)', '호두파이(대)', '피칸파이(대)']"
배스킨라빈스 대방역점,아이스크림,999+,서울 동작구 알마타길 6,"['디저트가 맛있어요', '친절해요', '매장이 청결해요']",https://search.pstatic.net/common/?autoRotate=true&type=w560_sharpen&src=https%3A%2F%2Fldb-phinf.pstatic.net%2F20190207_263%2F1549518073913VHxxg_JPEG%2FWzOVG98BAb-9oaMe84QYeDV3.jpg,"['쿼터', '우주에서 온 엄마는 외계인', '밀크쉐이크 (Regular)', '8번 숫자초']"
LP음악카페 쎄시봉,라이브카페,99,서울 동작구 동작대로 43 2층,"['술이 다양해요', '친절해요', '혼술하기 좋아요']",https://search.pstatic.net/common/?autoRotate=true&type=w560_sharpen&src=https%3A%2F%2Fldb-phinf.pstatic.net%2F20190218_169%2F1550497477845FzCAk_JPEG%2Fxccv2EtqUSm-4YErF_bb_n9x.jpeg.jpg,"['수입맥주', '국산맥주', '와인', '양주']"
스타벅스 노량진동점,카페,999+,서울 동작구 노량진로 190,['리뷰 참여자가 10명이 되지 않습니다.'],https://search.pstatic.net/common/?autoRotate=true&type=w560_sharpen&src=https%3A%2F%2Fldb-phinf.pstatic.net%2F20190828_93%2F1566953601239OT9MQ_PNG%2FxX7Wv642gXMoTI0DAv0hRymS.png,"['토피 넛 라떼', '토피 넛 팡도르', '별의 별 샌드위치', '스타벅스 딸기 라떼']"
할리스 노량진역점,카페,899,서울 동작구 노량진로 157,"['커피가 맛있어요', '집중하기 좋아요', '음료가 맛있어요']",https://search.pstatic.net/common/?autoRotate=true&type=w560_sharpen&src=https%3A%2F%2Fldb-phinf.pstatic.net%2F20210302_125%2F161464487124061agC_JPEG%2FK15utTFWXeuNEny1JMXiV57W.jpg,"['딸기 치즈케익 할리치노', '민트 초코칩 할리치노', '바닐라 딜라이트', '카라멜 마키아또']"
브라보커피,"카페,디저트",215,서울 동작구 여의대방로24길 72 2층,"['커피가 맛있어요', '가성비가 좋아요', '친절해요']",https://search.pstatic.net/common/?autoRotate=true&type=w560_sharpen&src=https%3A%2F%2Fldb-phinf.pstatic.net%2F20210330_197%2F1617098381904ykwSt_JPEG%2FuRtw8L0285mI-QlHrwfBovTt.jpg,"['아메리카노', '카페라떼', '바닐라라떼', '코코넛라떼']"
토크넌센스,"카페,디저트",239,서울 동작구 흑석로8길 7 Talk nonsense,"['커피가 맛있어요', '음료가 맛있어요', '디저트가 맛있어요']",https://search.pstatic.net/common/?autoRotate=true&type=w560_sharpen&src=https%3A%2F%2Fldb-phinf.pstatic.net%2F20191015_20%2F1571120043896Vf5rz_JPEG%2Fc01YrJgjsy-liLbftqa0qCLe.jpeg.jpg,"['땡스커피', '머스켓밀크티', '아인슈페너', '밤호박치즈케이크']"
투썸플레이스 노량진점,카페,999+,서울 동작구 노량진로 174,"['디저트가 맛있어요', '커피가 맛있어요', '음료가 맛있어요']",https://search.pstatic.net/common/?autoRotate=true&type=w560_sharpen&src=https%3A%2F%2Fldb-phinf.pstatic.net%2F20170308_28%2F1488937451602IMifd_JPEG%2F1.jpg,"['티라미수라떼', '니트로콜드브루', '니트로콜드브루 라떼', '카페 아메리카노']"
설빙 서울노량진점,빙수,999+,서울 동작구 노량진로 144 2층 설빙,"['디저트가 맛있어요', '특별한 메뉴가 있어요', '친절해요']",https://search.pstatic.net/common/?autoRotate=true&type=w560_sharpen&src=https%3A%2F%2Fldb-phinf.pstatic.net%2F20191122_242%2F1574377963756kV2JJ_JPEG%2FMaJkL3pDb1nAw2M_Q5DPlMa-.jpg,"['인절미 설빙', '팥인절미설빙', '인절미토스트']"
리앤홍 카페,"카페,디저트",149,서울 동작구 서달로14길 18 2층,"['커피가 맛있어요', '인테리어가 멋져요', '대화하기 좋아요']",https://search.pstatic.net/common/?autoRotate=true&type=w560_sharpen&src=https%3A%2F%2Fldb-phinf.pstatic.net%2F20201120_129%2F1605851287855V7CWL_JPEG%2FQ5uTKO5mbg8hFApBVQtPcYML.jpg,"['도르미르 블란도 디카페인', '르완다 에스포라', '에티오피아 프라간시아', '예멘 모카 마타리']"
트립티 대방점,"카페,디저트",303,서울 동작구 노량진로 10 스페이스살림,"['커피가 맛있어요', '음료가 맛있어요', '친절해요']",https://search.pstatic.net/common/?autoRotate=true&type=w560_sharpen&src=https%3A%2F%2Fldb-phinf.pstatic.net%2F20210513_298%2F1620886117288hR0ls_JPEG%2FehP-e-_00lG0m7bxaNtynexH.jpg,"['아메리카노', '허브티', '카페라떼', '바닐라 라떼']"
요거트아이스크림의정석 사당점,아이스크림,163,서울 동작구 사당로 177 1층,"['디저트가 맛있어요', '매장이 청결해요', '친절해요']",https://search.pstatic.net/common/?autoRotate=true&type=w560_sharpen&src=https%3A%2F%2Fldb-phinf.pstatic.net%2F20221005_272%2F1664942561699YKCLk_JPEG%2F%25C4%25AB%25C6%25E4%25BF%25E4%25BE%25C6%25C1%25A4_%25B7%25CE%25B0%25ED.jpg,"['RED1)자몽+벌꿀2T+연유+빙수떡+그래놀라+아이스크림(150g)', 'RED1)자몽+벌꿀2T+연유+빙수떡+그래놀라+아이스크림(300g)', 'RED1)자몽+벌꿀2T+연유+빙수떡+그래놀라+아이스크림(450g)', 'RED1)자몽+벌꿀2T+연유+빙수떡+그래놀라+아이스크림(600g)']"
빅컵,카페,272,서울 동작구 흑석로 14 빅컵,"['좌석이 편해요', '커피가 맛있어요', '디저트가 맛있어요']",https://search.pstatic.net/common/?autoRotate=true&type=w560_sharpen&src=https%3A%2F%2Fldb-phinf.pstatic.net%2F20150831_84%2F1440999246433LXheQ_JPEG%2F106576505674225_0.jpg,"['에스프레소', '에스프레소 룽고', '에스프레소도피오', '아포카토']"
오누이,갤러리카페,545,서울 동작구 시흥대로 676 혜석빌딩,"['인테리어가 멋져요', '집중하기 좋아요', '매장이 청결해요']",https://search.pstatic.net/common/?autoRotate=true&type=w560_sharpen&src=https%3A%2F%2Fldb-phinf.pstatic.net%2F20190130_88%2F15488399372870RtsP_JPEG%2FSSR_tQtPDi_aCiisoFhHt2ZX.jpeg.jpg,"['아메리카노', '에스프레소', '카페모카', '카페라떼']"
프롬브르,케이크전문,14,서울 동작구 동작대로1길 31 2층,['리뷰 참여자가 10명이 되지 않습니다.'],https://search.pstatic.net/common/?autoRotate=true&type=w560_sharpen&src=https%3A%2F%2Fldb-phinf.pstatic.net%2F20230428_205%2F1682678742962yVVWI_JPEG%2F5539E2E8-25F2-4CDF-88CC-F876B4669D07.jpeg,"['미니홀케이크', '1호케이크', '도시락케이크']"
와플대학 노량진캠퍼스,와플,703,"서울 동작구 만양로 100 (노량진동, 노량진한국법학원) 1층 와플대학","['디저트가 맛있어요', '가성비가 좋아요', '친절해요']",https://search.pstatic.net/common/?autoRotate=true&type=w560_sharpen&src=https%3A%2F%2Fldb-phinf.pstatic.net%2F20191115_87%2F1573784492373qaEoN_PNG%2FgIHpcsNFo64ysypox5xp86S6.png,"['애플시나몬 와플', '크림 와플', '오레오 누텔라 와플', '젤라또 와플']"
헤브헤븐 도자기카페,"카페,디저트",280,서울 동작구 사당로 273-1 2층 201호,"['인테리어가 멋져요', '친절해요', '커피가 맛있어요']",https://search.pstatic.net/common/?autoRotate=true&type=w560_sharpen&src=https%3A%2F%2Fldb-phinf.pstatic.net%2F20230707_228%2F1688706640449IxS9P_JPEG%2F31838A92-5684-425C-B315-635625B7F788.jpeg,"['후르츠 산도 (2p)', '단호박 바스크치즈케잌', '크로플(수제사과잼+바닐라아이스크림)', '수제 레몬 마들렌']"
더쌍화커피 사당점,한방카페,163,서울 동작구 동작대로29가길 26 1층,['리뷰 참여자가 10명이 되지 않습니다.'],https://search.pstatic.net/common/?autoRotate=true&type=w560_sharpen&src=https%3A%2F%2Fldb-phinf.pstatic.net%2F20220724_235%2F1658647413001bgGdb_JPEG%2F1658632320681.jpg,"['전통쌍화세트', '특쌍화', '헛개쌍화', '불로초']"
딴짓제과점,베이커리,204,서울 동작구 동작대로15길 24-9 1층,['리뷰 참여자가 10명이 되지 않습니다.'],https://search.pstatic.net/common/?autoRotate=true&type=w560_sharpen&src=https%3A%2F%2Fldb-phinf.pstatic.net%2F20220830_255%2F1661839455411DtnKT_JPEG%2FKakaoTalk_20220830_150239659_05.jpg,"['당근케익', '토마토양파크림프레첼', '바질양파크림바게트', '밤식빵']"
폴인커피,"카페,디저트",26,서울 동작구 여의대방로22길 27 1층,"['커피가 맛있어요', '친절해요', '디저트가 맛있어요']",https://search.pstatic.net/common/?autoRotate=true&type=w560_sharpen&src=https%3A%2F%2Fldb-phinf.pstatic.net%2F20231103_81%2F1699008736259SAF1G_JPEG%2Ftemp_file.jpg,"['말렌카(레몬, 시나몬, 초코)케이크', '브라운치즈크로플', '호두크림라떼', '생크림 스콘 + 딸기']"
산사나무탕후루 중앙대점,"카페,디저트",56,서울 동작구 흑석로 97 1층 산사나무탕후루 중앙대점,"['디저트가 맛있어요', '가성비가 좋아요', '특별한 메뉴가 있어요']",https://search.pstatic.net/common/?autoRotate=true&type=w560_sharpen&src=https%3A%2F%2Fldb-phinf.pstatic.net%2F20230922_289%2F1695367069008onGEm_JPEG%2F%25F8%25B8_20230823155209.jpg,"['3개세트 할인', '5개세트 할인', '귤 미니탕후루[무無첨가]', '생딸기 탕후루[무無첨가]']"
메가MGC커피 이수태평점,카페,999+,서울 동작구 동작대로27길 20 1층,"['커피가 맛있어요', '가성비가 좋아요', '음료가 맛있어요']",https://search.pstatic.net/common/?autoRotate=true&type=w560_sharpen&src=http%3A%2F%2Fblogfiles.naver.net%2FMjAyMzExMjBfMTk3%2FMDAxNzAwNDc3ODUzMjQz.VAvL5LtFDtkO8hLhzLgOdgzC0b5A1RGALkuE5TOZ13Eg.UJzBISMRlFEbLvlkFoBokGOwO0bEtJs10PFzcwKBCsgg.JPEG.gkjby67%2FKakaoTalk_20231030_172816503_08.jpg,"['(ICE)아메리카노', '(ICE)메가리카노', '(ICE)큐브라떼', '복숭아아이스티']"
뉴타입그루브,"카페,디저트",188,서울 동작구 사당로17라길 8 1층,['리뷰 참여자가 10명이 되지 않습니다.'],https://search.pstatic.net/common/?autoRotate=true&type=w560_sharpen&src=https%3A%2F%2Fldb-phinf.pstatic.net%2F20210708_265%2F1625737154125bFzlh_JPEG%2FfnB68o2j7ii74hAhYGL1OcbP.jpeg.jpg,"['아메리카노', '레몬 머틀 티', '쑥 라떼', '단호박 치즈 케이크']"
"그래, 여기","카페,디저트",80,서울 동작구 동작대로9길 22 1층 102호,"['친절해요', '특별한 메뉴가 있어요', '커피가 맛있어요']",https://search.pstatic.net/common/?autoRotate=true&type=w560_sharpen&src=https%3A%2F%2Fldb-phinf.pstatic.net%2F20230709_223%2F1688839146290xCkTv_JPEG%2F07B10C83-7879-400F-ADD3-8066B34A7AC2.jpeg,"['마살라 차이(홍차)', '마오 펭 수이(녹차)', '페퍼민트', '메도우 허브차(카모마일)']"
카페 13 포레스트,테이크아웃커피,106,서울 동작구 국사봉길 13 1층 하얀색 건물,"['커피가 맛있어요', '친절해요', '음료가 맛있어요']",https://search.pstatic.net/common/?autoRotate=true&type=w560_sharpen&src=https%3A%2F%2Fldb-phinf.pstatic.net%2F20201026_231%2F1603694816515AgWdo_JPEG%2FtDoFVLrMNZndxDh_xfAtXHH8.jpeg.jpg,"['아메리카노', '바닐라빈 라떼', '카페 라떼', '13 크림 라떼']"
개러지 로스터,"카페,디저트",149,서울 동작구 상도로37길 39 1층,"['커피가 맛있어요', '친절해요', '매장이 청결해요']",https://search.pstatic.net/common/?autoRotate=true&type=w560_sharpen&src=https%3A%2F%2Fldb-phinf.pstatic.net%2F20220609_3%2F1654777956016RVRX6_JPEG%2F%25C0%25CE%25BD%25BA%25C5%25B8.jpg,"['아인슈페너 (Hot, Iced)', '카페라떼 (Hot, Iced)', '필터커피(Hot, Iced)', '티 (Hot)']"
던킨 사당점,도넛,999+,"서울 동작구 사당로 236 (사당동,광산빌딩1층)","['디저트가 맛있어요', '친절해요', '매장이 청결해요']",https://search.pstatic.net/common/?autoRotate=true&type=w560_sharpen&src=https%3A%2F%2Fldb-phinf.pstatic.net%2F20230624_47%2F1687576561606qKgi6_JPEG%2Fphoto1686735926.jpeg,"['(캔)카푸치노', '(캔)키위 쿨라타', '(캔)카라멜마끼아또', '크림치즈(플레인)']"
eea cafe,"카페,디저트",284,서울 동작구 상도로61가길 6 1층,['리뷰 참여자가 10명이 되지 않습니다.'],https://search.pstatic.net/common/?autoRotate=true&type=w560_sharpen&src=https%3A%2F%2Fldb-phinf.pstatic.net%2F20220812_170%2F1660278223989QsrJS_JPEG%2FFB8B4A26-F33E-44F2-A3C3-7B3DECFE715D.jpeg,"['말차슈페너', '아인슈페너 화이트', '너티크림라떼', '크로플']"
몽소베이커리&카페 노량진점,카페,989,서울 동작구 노량진로 132 한빛요리학원,"['디저트가 맛있어요', '친절해요', '특별한 메뉴가 있어요']",https://search.pstatic.net/common/?autoRotate=true&type=w560_sharpen&src=https%3A%2F%2Fldb-phinf.pstatic.net%2F20170516_221%2F1494907526863BKVAW_JPEG%2FIMG_8811.jpg,"['블루베리식빵', '잡곡식빵', '우유식빵', '쌀단팥빵']"
FOLD,"카페,디저트",391,서울 동작구 만양로14가길 8 1층,"['커피가 맛있어요', '음료가 맛있어요', '디저트가 맛있어요']",https://search.pstatic.net/common/?autoRotate=true&type=w560_sharpen&src=https%3A%2F%2Fldb-phinf.pstatic.net%2F20201203_283%2F1606987593921V7pUW_JPEG%2FjnBmAm1xuW73bwkjJOrx-ZKc.jpg,"['브라운 치즈 크로플', '플레인 크로플', '아메리카노', '카페라떼']"
해브펀,"카페,디저트",31,서울 동작구 장승배기로 8 1층,['리뷰 참여자가 10명이 되지 않습니다.'],https://search.pstatic.net/common/?autoRotate=true&type=w560_sharpen&src=https%3A%2F%2Fldb-phinf.pstatic.net%2F20230606_144%2F1686015057350tOrSS_JPEG%2F%25C4%25B3%25B8%25AF%25C5%25CD%252B%25B7%25CE%25B0%25ED_%25281%2529.jpg,"['솔티크림시나몬', '미소라떼', '크로플']"
투썸플레이스 이수역점,카페,999+,"서울 동작구 동작대로27길 28 2,3층","['커피가 맛있어요', '디저트가 맛있어요', '친절해요']",https://search.pstatic.net/common/?autoRotate=true&type=w560_sharpen&src=http%3A%2F%2Fblogfiles.naver.net%2FMjAyMzEwMDNfMTQ0%2FMDAxNjk2MzQwMDk5ODYy.t4VS-uVq-U_yAak2ktPOQdxu0nJIC4oWpAayeyFs4PEg.y495Hx5xz0x-pfe7EUVSqrMBChESmkFRjOYJdSIckoog.JPEG.shfurvk88%2FKakaoTalk_20231003_220003114_01.jpg,"['허브티', '블랙티', '아이스티', '플레인베이글세트']"
커피바 브라운,"카페,디저트",35,서울 동작구 대방동15길 1 B02호 커피바 브라운,"['인테리어가 멋져요', '커피가 맛있어요', '술이 다양해요']",https://search.pstatic.net/common/?autoRotate=true&type=w560_sharpen&src=https%3A%2F%2Fldb-phinf.pstatic.net%2F20230913_269%2F16945773013961i8cb_JPEG%2F%25BA%25EA%25B6%25F3%25BF%25EE_%25B7%25CE%25B0%25ED.jpg,"['클로버 진토닉', '더 브라운 라떼', '아메리카노', '클래식 라떼']"
이수살롱,"카페,디저트",260,서울 동작구 동작대로29길 53 2층 이수살롱,"['친절해요', '인테리어가 멋져요', '음료가 맛있어요']",https://search.pstatic.net/common/?autoRotate=true&type=w560_sharpen&src=https%3A%2F%2Fldb-phinf.pstatic.net%2F20210313_60%2F1615635406459TVkkh_JPEG%2FAJ8UUKtvNzMQcmUyinRxXrAE.jpeg.jpg,"['퍼플레몬티', '아인슈페너', '살롱밀크티', '티라미수라떼']"
커피팩토리쏘 24시,테이크아웃커피,364,서울 동작구 노량진로 196,"['커피가 맛있어요', '가성비가 좋아요', '음료가 맛있어요']",https://search.pstatic.net/common/?autoRotate=true&type=w560_sharpen&src=https%3A%2F%2Fldb-phinf.pstatic.net%2F20220901_113%2F1662043292025CK16k_JPEG%2FA8A7508F-8C70-4A32-9BD8-39EDAFF88FF1.jpeg,"['분유라떼', '아메리카노']"
꼬숨커피,"카페,디저트",216,서울 동작구 동작대로7길 18 1층,"['커피가 맛있어요', '친절해요', '음료가 맛있어요']",https://search.pstatic.net/common/?autoRotate=true&type=w560_sharpen&src=https%3A%2F%2Fldb-phinf.pstatic.net%2F20210420_103%2F1618898772336x0bzl_JPEG%2FJA4wb1CyadEkp2HCUTpF00IH.jpg,"['꼬쑵아메리카노', '꽃향아메리카노', '다크아메리카노', '꼬쑵라떼']"
달리는커피 노량진점,카페,250,서울 동작구 노량진로14가길 16 1층,"['커피가 맛있어요', '가성비가 좋아요', '친절해요']",https://search.pstatic.net/common/?autoRotate=true&type=w560_sharpen&src=https%3A%2F%2Fldb-phinf.pstatic.net%2F20230403_70%2F1680498712916tb4Gd_JPEG%2F%25BD%25C5%25B1%25D4BI.jpg,"['[패스오더전용] 100원 아메리카노', '두부가라아게 샐러드', '연어 샐러드', '시그니처파스타 샐러드']"
상도제빵소,베이커리,999+,서울 동작구 국사봉1길 21 광성빌딩,"['빵이 맛있어요', '가성비가 좋아요', '친절해요']",https://search.pstatic.net/common/?autoRotate=true&type=w560_sharpen&src=https%3A%2F%2Fldb-phinf.pstatic.net%2F20210818_276%2F1629266925140mUxm8_JPEG%2F-czAyD07dHZULozdgonk00NM.jpg,['바게트']
블랑제리꾸끄,베이커리,285,서울 동작구 만양로 37 지하1층,"['빵이 맛있어요', '친절해요', '커피가 맛있어요']",https://search.pstatic.net/common/?autoRotate=true&type=w560_sharpen&src=https%3A%2F%2Fldb-phinf.pstatic.net%2F20170418_121%2F1492495263909RYexP_JPEG%2F186367628335629_0.jpeg,"['크로와상', '바게트 트라디시옹']"
이공커피 흑석본점,"카페,디저트",999+,서울 동작구 서달로 151 이공커피 흑석본점,"['커피가 맛있어요', '가성비가 좋아요', '친절해요']",https://search.pstatic.net/common/?autoRotate=true&type=w560_sharpen&src=https%3A%2F%2Fldb-phinf.pstatic.net%2F20210816_108%2F1629087597192g3OrF_PNG%2FGFRS8z-E5vKjYAaGcrDiNbHp.PNG.png,"['[패스오더전용] 100원 아메리카노', '커피슈페너', '아몬드슈페너', '꿀한라봉차']"
카페 하나,"카페,디저트",320,서울 동작구 시흥대로 596 1층 101호 카페하나,"['디저트가 맛있어요', '커피가 맛있어요', '친절해요']",https://search.pstatic.net/common/?autoRotate=true&type=w560_sharpen&src=https%3A%2F%2Fldb-phinf.pstatic.net%2F20231123_158%2F1700668860563ROr6s_JPEG%2Ftemp_file.jpg,"['까눌레', '딸기보틀케익', '약과크림치즈쿠키', '브라우니']"
컵오브커브,"카페,디저트",202,서울 동작구 현충로 99 1층,"['인테리어가 멋져요', '사진이 잘 나와요', '주차하기 편해요']",https://search.pstatic.net/common/?autoRotate=true&type=w560_sharpen&src=https%3A%2F%2Fldb-phinf.pstatic.net%2F20220622_104%2F1655899695771sfLhH_PNG%2F20220622_210357.png,"['불닭핫도그', '오리지널 핫도그', '피자핫도그', '아메리카노']"
달의둥지,"카페,디저트",449,서울 동작구 사당로13길 31,"['커피가 맛있어요', '친절해요', '음료가 맛있어요']",https://search.pstatic.net/common/?autoRotate=true&type=w560_sharpen&src=https%3A%2F%2Fldb-phinf.pstatic.net%2F20230919_18%2F1695097078658mBB2p_JPEG%2FKakaoTalk_20230919_125628417.jpg,"['바질토마토 에이드', '무화과프레지에', '달둥 아인슈페너', '누볼라']"
우주커피,카페,77,서울 동작구 보라매로 73-1 1층,"['커피가 맛있어요', '인테리어가 멋져요', '음료가 맛있어요']",https://search.pstatic.net/common/?autoRotate=true&type=w560_sharpen&src=https%3A%2F%2Fldb-phinf.pstatic.net%2F20230613_268%2F1686642439625Q5Y6b_JPEG%2FKakaoTalk_20230613_164454292_10.jpg,"['크로와상샌드위치', '에그타르트', '크로와상', '유자블랜드티']"
바오 소극장,"카페,디저트",9,서울 동작구 동작대로 43 3층,['리뷰 참여자가 10명이 되지 않습니다.'],https://search.pstatic.net/common/?autoRotate=true&type=w560_sharpen&src=https%3A%2F%2Fldb-phinf.pstatic.net%2F20230913_196%2F16945864344004zHi7_PNG%2F%25B1%25D7%25B8%25B21.png,"['아메리카노', '카페 라뗴', '자몽 에이드', '레몬 에이드']"
서브젝트 커피,"카페,디저트",410,서울 동작구 상도로30길 71 1층 서브젝트 커피,"['커피가 맛있어요', '인테리어가 멋져요', '친절해요']",https://search.pstatic.net/common/?autoRotate=true&type=w560_sharpen&src=https%3A%2F%2Fldb-phinf.pstatic.net%2F20220622_178%2F1655874107042KzzCQ_JPEG%2F%25C5%25A9%25B1%25E2%25BA%25AF%25C8%25AFSSC.jpg,"['엔티상도', '서브젝트 크로플', '바나나 푸딩', '피치레몬소다']"
사당동 탕후루 간식가게,"카페,디저트",44,서울 동작구 동작대로7길 6 1층,"['디저트가 맛있어요', '친절해요', '특별한 메뉴가 있어요']",https://search.pstatic.net/common/?autoRotate=true&type=w560_sharpen&src=https%3A%2F%2Fldb-phinf.pstatic.net%2F20230911_166%2F1694416851109OvG1J_JPEG%2FKakaoTalk_20230911_153105769_02.jpg,"['샤인머스캣 탕후루', '샤인머스캣 탕후루', '방울토마토 탕후루', '귤 탕후루']"
에딕티이즈,"카페,디저트",268,서울 동작구 동작대로27길 62 1층 에딕티이즈,"['커피가 맛있어요', '음료가 맛있어요', '친절해요']",https://search.pstatic.net/common/?autoRotate=true&type=w560_sharpen&src=https%3A%2F%2Fldb-phinf.pstatic.net%2F20220729_39%2F1659064206438EcRgx_JPEG%2F20220729_120351.jpg,"['바나나크림푸딩', '바나나라떼', '배모과티', '애플시나몬티']"
카페라르고,"카페,디저트",408,서울 동작구 동작대로1길 36,"['커피가 맛있어요', '친절해요', '음료가 맛있어요']",https://search.pstatic.net/common/?autoRotate=true&type=w560_sharpen&src=https%3A%2F%2Fldb-phinf.pstatic.net%2F20190322_68%2F1553244519057kfIiT_JPEG%2FgVn-5qAeVJcRDlFVbzLL-jOc.jpg,"['아메리카노', '카페라떼', '아포가토', '티']"
카페 만월경 상도점,카페,9,"서울 동작구 상도로54길 38 1층, 2층",['리뷰 참여자가 10명이 되지 않습니다.'],https://search.pstatic.net/common/?autoRotate=true&type=w560_sharpen&src=https%3A%2F%2Fldb-phinf.pstatic.net%2F20231025_146%2F16982227671869VwLW_JPEG%2F_DSC9938.,"['아메리카노(1shot) HOT/ICE', '아메리카노(2shot) HOT/ICE', '복숭아 아이스티', '복숭아메리카노 ICE']"
더해피 노량스터디점,"카페,디저트",237,서울 동작구 만양로 65 1층,"['디저트가 맛있어요', '친절해요', '커피가 맛있어요']",https://search.pstatic.net/common/?autoRotate=true&type=w560_sharpen&src=https%3A%2F%2Fldb-phinf.pstatic.net%2F20201110_132%2F1604973314930MT6Ii_JPEG%2FbnrIutQxTu0U-bbnkt4njiBG.jpg,"['에스프레소', '아메리카노', '카페라떼', '바닐라라떼']"
경성찹쌀꽈배기,베이커리,999+,서울 동작구 국사봉1길 11 1층,"['빵이 맛있어요', '가성비가 좋아요', '친절해요']",https://search.pstatic.net/common/?autoRotate=true&type=w560_sharpen&src=https%3A%2F%2Fldb-phinf.pstatic.net%2F20191114_85%2F1573698671798KUhi2_JPEG%2FTSkO5v3J63eGXmeVJo2JvoLr.jpg,"['경성꽈배기 3개', '팥도넛츠', '치즈볼', '감자고로케']"
카페알코브,"카페,디저트",590,서울 동작구 대방동1길 12 1층,"['커피가 맛있어요', '음료가 맛있어요', '디저트가 맛있어요']",https://search.pstatic.net/common/?autoRotate=true&type=w560_sharpen&src=https%3A%2F%2Fldb-phinf.pstatic.net%2F20220802_154%2F1659433536455Hxuyi_JPEG%2FCD166659-33D1-47D1-971F-8012764752B3.jpeg,"['알코브라떼', '너트크림라떼', '딸기라떼(시즌메뉴)', '생딸기 티라미수 (시즌메뉴)']"
st.535로스터리카페,"카페,디저트",328,서울 동작구 상도로30길 40 두산위브트레지움 2차 상가 106호,"['커피가 맛있어요', '친절해요', '음료가 맛있어요']",https://search.pstatic.net/common/?autoRotate=true&type=w560_sharpen&src=https%3A%2F%2Fldb-phinf.pstatic.net%2F20230907_127%2F1694051791394nIOQO_JPEG%2Ftemp_file.jpg,"['브라운치즈케이크', '시즌수제요거트', '핸드드립(스페셜티)', '스페셜티 원두(200g)']"
토북이관리형스터디카페 노량진점,스터디카페,109,서울 동작구 장승배기로28길 18 2층,"['집중하기 좋아요', '분위기 관리가 철저해요', '차분한 분위기에요']",https://search.pstatic.net/common/?autoRotate=true&type=w560_sharpen&src=https%3A%2F%2Fldb-phinf.pstatic.net%2F20230630_149%2F1688089068439DjNJk_JPEG%2FKakaoTalk_20230630_103241650_02.jpg,"['기상 관리 기숙형 스파르타(식사포함)', '관리형 3관(4주) / 할인가', '모닝빵 브레드', '스타벅스 원두커피']"
러윗츠,베이커리,246,서울 동작구 상도로41길 24 1층,"['친절해요', '특별한 메뉴가 있어요', '매장이 청결해요']",https://search.pstatic.net/common/?autoRotate=true&type=w560_sharpen&src=https%3A%2F%2Fldb-phinf.pstatic.net%2F20220301_123%2F1646144256117ScSt5_JPEG%2FKakaoTalk_20220301_231621571_01.jpg,"['빼빼로데이 마카롱', '탕후루', '아메리카노', '마카롱']"
사이,"카페,디저트",416,서울 동작구 동작대로21길 36 1층 103호,"['커피가 맛있어요', '음료가 맛있어요', '친절해요']",https://search.pstatic.net/common/?autoRotate=true&type=w560_sharpen&src=https%3A%2F%2Fldb-phinf.pstatic.net%2F20230524_118%2F1684905897910wsTox_JPEG%2F%25BA%25EA%25B6%25F3%25BF%25EE%25C4%25A1%25C1%25EE_%25C6%25F7%25BD%25BA%25C5%25CD.jpg,"['아메리카노', '바닐라라떼', '플레인 크로플', '브라운치즈 크로플']"
보트커피,"카페,디저트",153,서울 동작구 장승배기로 56 지층 카페,"['커피가 맛있어요', '친절해요', '음료가 맛있어요']",https://search.pstatic.net/common/?autoRotate=true&type=w560_sharpen&src=https%3A%2F%2Fldb-phinf.pstatic.net%2F20210818_236%2F1629246494119nTbLl_JPEG%2FuJSV6K_jYbncD0_KxgV1_x-H.jpeg.jpg,"['아메리카노', '바닐라라떼', '카페라떼', '개인결제1번']"
카페노량,"카페,디저트",298,서울 동작구 만양로 90,"['커피가 맛있어요', '디저트가 맛있어요', '친절해요']",https://search.pstatic.net/common/?autoRotate=true&type=w560_sharpen&src=https%3A%2F%2Fldb-phinf.pstatic.net%2F20221129_259%2F1669649007646OGJvM_JPEG%2FKakaoTalk_20221128_234354036.jpg,"['소금빵', '추억의 계란빵', '한방쌍화차', '아메리카노']"
메가MGC커피 신대방삼거리역점,카페,999+,서울 동작구 보라매로 113 104호,"['커피가 맛있어요', '가성비가 좋아요', '음료가 맛있어요']",https://search.pstatic.net/common/?autoRotate=true&type=w560_sharpen&src=https%3A%2F%2Fldb-phinf.pstatic.net%2F20230120_79%2F1674182075792J4JFd_JPEG%2FScreenshot_20220319-232806_NAVER.jpg,"['H 아메리카노', 'ICE 아메리카노', '쿠키프라페', '퐁크러쉬']"
아츠베이커리,베이커리,123,서울 동작구 현충로 52,"['빵이 맛있어요', '친절해요', '매장이 청결해요']",https://search.pstatic.net/common/?autoRotate=true&type=w560_sharpen&src=https%3A%2F%2Fldb-phinf.pstatic.net%2F20210729_74%2F1627568970734CHd8x_JPEG%2FgsRCpwWrfm1a_a6npC6VclYg.jpg,"['소금빵', '샌드위치 3종', '당근케이크', '샐러드 2종']"
언니의식빵가게,베이커리,570,서울 동작구 여의대방로 30 현대상가 B동 105호,"['빵이 맛있어요', '친절해요', '매장이 청결해요']",https://search.pstatic.net/common/?autoRotate=true&type=w560_sharpen&src=https%3A%2F%2Fldb-phinf.pstatic.net%2F20190808_14%2F1565238925446xD7Ol_JPEG%2Fcr7ESlvPRgMJhVfJ7glXlz6r.jpg,"['우유식빵', '옥수수 식빵', '초코롤 식빵', '호두잡곡 호밀식빵']"
메가MGC커피 이수역점,카페,999+,서울 동작구 동작대로 89 1층 104호,"['커피가 맛있어요', '가성비가 좋아요', '음료가 맛있어요']",https://search.pstatic.net/common/?autoRotate=true&type=w560_sharpen&src=https%3A%2F%2Fldb-phinf.pstatic.net%2F20220106_38%2F1641472071584aSwCn_JPEG%2FDSC03623.jpg,"['(ICE)아메리카노', '(ICE)카페라떼', '따끈따끈 간식꾸러미', '스모어 블랙쿠키 프라페']"
하마케이크,케이크전문,69,서울 동작구 현충로 106 1층(골목길),"['주문제작을 잘해줘요', '선물하기 좋아요', '디저트가 맛있어요']",https://search.pstatic.net/common/?autoRotate=true&type=w560_sharpen&src=https%3A%2F%2Fldb-phinf.pstatic.net%2F20230712_82%2F1689168983972GSsP0_JPEG%2FIMG_20230708_200013_347.jpg,"['심플데이지 1호(1단)', '심플데이지 미니 2단', '1호', '2호']"
투썸플레이스 숭실대점,카페,999+,서울 동작구 사당로 36-1 서정캐슬 1층 2층,"['커피가 맛있어요', '디저트가 맛있어요', '음료가 맛있어요']",https://search.pstatic.net/common/?autoRotate=true&type=w560_sharpen&src=http%3A%2F%2Fblogfiles.naver.net%2FMjAyMzEwMTFfMjE1%2FMDAxNjk3MDIzODk2MDg5.v2-emvt87W4spcEfcsJj6huvS_CDT5_AJ-sL9Ud0a48g.h0plA6uAL4Om77Z0SZwdFmfnoWGCQ9U39oZbEfz2eIUg.JPEG.banana_list%2FIMG_5167.,['아메리카노']
파리바게뜨 이수태평점,베이커리,999+,서울 동작구 동작대로27가길 6 백경빌딩,"['빵이 맛있어요', '친절해요', '매장이 청결해요']",https://search.pstatic.net/common/?autoRotate=true&type=w560_sharpen&src=https%3A%2F%2Fldb-phinf.pstatic.net%2F20230728_191%2F1690530250211Q4zHG_JPEG%2FIMG_6664.jpeg,"['정통바게뜨', '상큼한 블루베리쉬폰_(18cm)', '[NEW] 치즈듬뿍 볼로네제 파스타_', '[NEW] 함박스테이크 파스타_']"
원조안흥찐빵,찐빵,188,서울 동작구 성대로5길 28,"['음식이 맛있어요', '친절해요', '재료가 신선해요']",https://search.pstatic.net/common/?autoRotate=true&type=w560_sharpen&src=http%3A%2F%2Fblogfiles.naver.net%2FMjAyMzExMjBfMTMy%2FMDAxNzAwNDgyMTk1MTgz.KFhTg9RzOiNjVOks1lrf6vFZN3KpW1X73zMMqDxgnNIg.F1AqBh4hSQZvBfxBDa_ciC0VRvsJsqajiPQiH7LIhc8g.JPEG.ppooiiuu78%2F20231120%25A3%25DF141504.jpg,"['쑥송편 1팩', '쑥개떡 1팩', '찐빵 3개', '팥죽']"
커피팩토리쏘 공장점,"카페,디저트",348,서울 동작구 등용로14길 71 수동빌딩1층 커피팩토리쏘(공장점),"['커피가 맛있어요', '음료가 맛있어요', '친절해요']",https://search.pstatic.net/common/?autoRotate=true&type=w560_sharpen&src=https%3A%2F%2Fldb-phinf.pstatic.net%2F20201230_249%2F1609258106371uE2a1_JPEG%2FznJblEkQm1mtvstJtb4a-jqn.jpeg.jpg,"['아메리카노', '카페라떼', '카푸치노', '바닐라라떼']"
요거트아이스크림의정석 중앙대점,아이스크림,56,서울 동작구 노량진로 227 B1F,"['디저트가 맛있어요', '특별한 메뉴가 있어요', '친절해요']",https://search.pstatic.net/common/?autoRotate=true&type=w560_sharpen&src=https%3A%2F%2Fldb-phinf.pstatic.net%2F20221212_33%2F1670813295907OK693_JPEG%2Fbackgroung.jpg,"['4인(600g+a) 요거트 아이스크림', '체리쉘쥬빌레)체리쉘+다크체리', '꿀그래)벌집꿀+그래놀라+요거트', '1인(150g+a) 요거트 아이스크림']"
몽소,카페,999+,서울 동작구 상도로 65 대방동빌딩,"['디저트가 맛있어요', '친절해요', '특별한 메뉴가 있어요']",https://search.pstatic.net/common/?autoRotate=true&type=w560_sharpen&src=https%3A%2F%2Fldb-phinf.pstatic.net%2F20150831_31%2F1440997507093pEo3L_JPEG%2F106568453345725_0.jpg,"['카페아메리카노', '카페라떼', '뉴욕치즈', '피자미스']"
폼드팡베이커리 보라매점,베이커리,510,서울 동작구 여의대방로 132 1층 폼드팡 베이커리 보라매점,"['빵이 맛있어요', '친절해요', '특별한 메뉴가 있어요']",https://search.pstatic.net/common/?autoRotate=true&type=w560_sharpen&src=https%3A%2F%2Fldb-phinf.pstatic.net%2F20230624_46%2F1687618447555z20FH_JPEG%2FIMG_7709.jpeg,[]
커스텀요거트,"카페,디저트",756,서울 동작구 흑석로 91 1층 커스텀요거트,"['디저트가 맛있어요', '친절해요', '특별한 메뉴가 있어요']",https://search.pstatic.net/common/?autoRotate=true&type=w560_sharpen&src=https%3A%2F%2Fldb-phinf.pstatic.net%2F20230306_106%2F1678079030139Fepef_PNG%2FDB9C59C3-A6DC-4AD4-B8C2-B00A9631A0DF.png,"['시그니처 9가지 메뉴', '애플 소보로커스텀', '초코베리 커스텀', '나만의 요거트볼 커스텀가이드']"
설빙 서울중앙대점,빙수,346,서울 동작구 흑석로 101-10 2층,"['디저트가 맛있어요', '특별한 메뉴가 있어요', '친절해요']",https://search.pstatic.net/common/?autoRotate=true&type=w560_sharpen&src=https%3A%2F%2Fldb-phinf.pstatic.net%2F20180712_23%2F1531376791607AzYcr_JPEG%2FwYV4PJVNW5-HgKtxV3CVWr1p.jpeg.jpg,"['요거통통멜론설빙', '샤인머스켓멜론설빙', '인절미설빙', '팥인절미설빙']"
파이공장,베이커리,44,서울 동작구 동작대로27길 49 1층 파이공장,"['빵이 맛있어요', '특별한 메뉴가 있어요', '친절해요']",https://search.pstatic.net/common/?autoRotate=true&type=w560_sharpen&src=https%3A%2F%2Fldb-phinf.pstatic.net%2F20230703_43%2F1688374893103lu8br_PNG%2FDCOVER_20230703_180104.png,"['애플파이', '미트파이', '크림새우파이', '버터커리파이']"
고미제과,베이커리,424,서울 동작구 만양로14다길 19 1층 102호 고미제과,"['빵이 맛있어요', '친절해요', '특별한 메뉴가 있어요']",https://search.pstatic.net/common/?autoRotate=true&type=w560_sharpen&src=https%3A%2F%2Fldb-phinf.pstatic.net%2F20210323_220%2F1616505265921xqK1i_PNG%2Flhpa3RMX5by4HbRgA_4e6N02.png,"['푸딩', '바닐라빈 까눌레', '클래식 휘낭시에', '플로랑탱']"
베러댄와플 중앙대점,와플,379,서울 동작구 서달로 163 세명빌딩 1층,"['디저트가 맛있어요', '친절해요', '커피가 맛있어요']",https://search.pstatic.net/common/?autoRotate=true&type=w560_sharpen&src=https%3A%2F%2Fldb-phinf.pstatic.net%2F20220602_188%2F1654098268579JMiFa_JPEG%2F%25BA%25A3%25B7%25AF%25B4%25ED%25BF%25CD%25C7%25C3%25C1%25DF%25BE%25D3%25B4%25EB%25C1%25A1_%25C0%25FC%25C3%25BC%25C4%25C601.jpg,"['(포장) 플레인', '(테이크아웃) 아메리카노', '(포장) 생딸기생크림', '(테이크아웃) 바닐라 아이스크림 콘']"
카페 카작,"카페,디저트",275,서울 동작구 양녕로 156 1층,"['커피가 맛있어요', '친절해요', '디저트가 맛있어요']",https://search.pstatic.net/common/?autoRotate=true&type=w560_sharpen&src=https%3A%2F%2Fldb-phinf.pstatic.net%2F20230505_224%2F16832526891140r1sd_JPEG%2F20230505_110620.jpg,"['블루베리스무디', '수제브라우니', '딸기라떼', '레몬생강차']"
스타벅스 남성역점,카페,999+,서울 동작구 사당로 219,"['커피가 맛있어요', '친절해요', '음료가 맛있어요']",https://search.pstatic.net/common/?autoRotate=true&type=w560_sharpen&src=https%3A%2F%2Fldb-phinf.pstatic.net%2F20190828_93%2F1566953601239OT9MQ_PNG%2FxX7Wv642gXMoTI0DAv0hRymS.png,"['카페 라떼', '토피 넛 라떼', '토피 넛 팡도르', '별의 별 샌드위치']"
메가MGC커피 대림성모점,카페,76,서울 동작구 신대방길 114 1층,"['가성비가 좋아요', '커피가 맛있어요', '음료가 맛있어요']",https://search.pstatic.net/common/?autoRotate=true&type=w560_sharpen&src=https%3A%2F%2Fldb-phinf.pstatic.net%2F20231010_294%2F1696907497972LFMIh_JPEG%2F170x170_02_%25BF%25BB%25B7%25CE%25BF%25EC01%2528%25B9%25E8%25B9%25CE%2529.jpg,"['스모어 블랙쿠키 프라페', '레드오렌지자몽주스', '화이트 뱅쇼', '스노우 샹그리아 에이드']"
라이프is원더풀카페,"카페,디저트",120,서울 동작구 상도로 264 1층,"['친절해요', '디저트가 맛있어요', '커피가 맛있어요']",https://search.pstatic.net/common/?autoRotate=true&type=w560_sharpen&src=https%3A%2F%2Fldb-phinf.pstatic.net%2F20230406_66%2F1680790929001FeMej_JPEG%2F0A55C70E-9B20-4BE1-9F7B-09C51E7EE02C.jpeg,"['크림푸딩케익', '그릭요거트', '오트밀 보울', '아메리카노']"
번스토리,베이커리,794,서울 동작구 노량진로 152-1,"['빵이 맛있어요', '가성비가 좋아요', '친절해요']",https://search.pstatic.net/common/?autoRotate=true&type=w560_sharpen&src=https%3A%2F%2Fldb-phinf.pstatic.net%2F20200607_88%2F1591508308336bPKhL_JPEG%2FTN-QgaeW5LCIDLS3BOZiaCWE.jpg,"['생크림번', '에그번', '생앙꼬번', '크림치즈번']"
마이트커피,"카페,디저트",130,서울 동작구 사당로 159 1층 마이트커피,"['커피가 맛있어요', '음료가 맛있어요', '친절해요']",https://search.pstatic.net/common/?autoRotate=true&type=w560_sharpen&src=https%3A%2F%2Fldb-phinf.pstatic.net%2F20230421_105%2F1682041556818WGSAT_JPEG%2F%25B4%25BA%25B7%25CE%25B0%25ED.jpg,"['아메리카노', '로얄 밀크티', '바닐라 라떼', '헤이즐넛 라떼']"
샌드뱅크,"카페,디저트",192,서울 동작구 사당로14길 38 1층 코너 카페,"['커피가 맛있어요', '친절해요', '디저트가 맛있어요']",https://search.pstatic.net/common/?autoRotate=true&type=w560_sharpen&src=https%3A%2F%2Fldb-phinf.pstatic.net%2F20221203_216%2F16700509745261OIoM_JPEG%2FKakaoTalk_20221203_160013367_03.jpg,"['수제 얼그레이 스콘', '수제 바질토마토 스콘', '수제 허니고르곤졸라 스콘', '카야 버터 크로플']"
베베빗,"카페,디저트",60,서울 동작구 사당로 229 1층,"['친절해요', '디저트가 맛있어요', '커피가 맛있어요']",https://search.pstatic.net/common/?autoRotate=true&type=w560_sharpen&src=https%3A%2F%2Fldb-phinf.pstatic.net%2F20220829_164%2F1661708723759DC991_JPEG%2FFEABF407-F77E-4C9C-866C-3946EA66E178.jpeg,"['아메리카노', '카페라떼', '연유라떼', '바닐라라떼']"
설빙 이수역점,빙수,999+,서울 동작구 동작대로27가길 12 2층,"['디저트가 맛있어요', '특별한 메뉴가 있어요', '친절해요']",https://search.pstatic.net/common/?autoRotate=true&type=w560_sharpen&src=https%3A%2F%2Fldb-phinf.pstatic.net%2F20150901_60%2F1441109066001tRIsM_JPEG%2FSUBMIT_1437554960760_36924430.jpg,"['인절미토스트', '인절미설빙', '애플망고치즈설빙', '쵸코브라우니설빙']"
디저트39 대방역점,카페,100,서울 동작구 알마타길 6 107호 1층 디저트39 대방역점,"['커피가 맛있어요', '디저트가 맛있어요', '음료가 맛있어요']",https://search.pstatic.net/common/?autoRotate=true&type=w560_sharpen&src=https%3A%2F%2Fldb-phinf.pstatic.net%2F20230907_168%2F1694052734578M3Fz9_JPEG%2FKakaoTalk_20230907_095341582_08.jpg,"['딸기라떼(ICE (대용량))', '오리지널 도쿄롤(S)', '커스타드 크로칸 슈', '치즈 프로마쥬 흑당퐁라떼(ICE(대용량))']"
크로와쿠,와플,60,서울 동작구 동작대로29다길 8 1층,"['디저트가 맛있어요', '커피가 맛있어요', '친절해요']",https://search.pstatic.net/common/?autoRotate=true&type=w560_sharpen&src=https%3A%2F%2Fldb-phinf.pstatic.net%2F20230706_193%2F1688608695546DUxem_JPEG%2FKakaoTalk_20230706_105745440.jpg,"['플레인 크로플', '생크림 레몬 크로플', '생크림 딸기크로플', '생크림 크로플']"
뚜레쥬르 상도래미안점,베이커리,999+,서울 동작구 상도로37길 74 유내과의원,"['빵이 맛있어요', '친절해요', '매장이 청결해요']",https://search.pstatic.net/common/?autoRotate=true&type=w560_sharpen&src=https%3A%2F%2Fldb-phinf.pstatic.net%2F20210106_72%2F1609892145530WzQVO_PNG%2F8_hfbMTE1Wa5P5y89_erZL6Y.png,"['카페라떼', '카푸치노', '카라멜마끼아또', '카페모카']"
케세뜨,케이크전문,17,서울 동작구 동작대로39길 22 이수힐스테이트 에비뉴상가 231호,['리뷰 참여자가 10명이 되지 않습니다.'],https://search.pstatic.net/common/?autoRotate=true&type=w560_sharpen&src=https%3A%2F%2Fldb-phinf.pstatic.net%2F20221114_259%2F1668361410132gRGfR_PNG%2Fimage-02.png,"['ART CAKE', 'DAILY CAKE']"
스윗드오,"카페,디저트",148,"서울 동작구 여의대방로54길 14 202호(경준빌딩, 대방동)","['친절해요', '특별한 메뉴가 있어요', '디저트가 맛있어요']",https://search.pstatic.net/common/?autoRotate=true&type=w560_sharpen&src=https%3A%2F%2Fldb-phinf.pstatic.net%2F20210429_208%2F1619700391770O8ipd_JPEG%2FxruW2nkPy7bXS8lwnPvLcKCF.jpg,"['무설탕 두유 그릭 요거트 120g', '무설탕 우유 그릭 요거트 120g', '식물성 아메리카노', '식물성 카페라떼']"
에이치플레이스,"카페,디저트",226,서울 동작구 여의대방로36길 10 1층 에이치플레이스,"['커피가 맛있어요', '음료가 맛있어요', '친절해요']",https://search.pstatic.net/common/?autoRotate=true&type=w560_sharpen&src=https%3A%2F%2Fldb-phinf.pstatic.net%2F20230301_56%2F1677661671925IdpXH_JPEG%2F%25BD%25BA%25C6%25BC%25C4%25BF.jpg,"['계란빵(2EA)', '바나나푸딩', '시나몬 생크림 카스테라', '티라미수 카스테라']"
드웨이,"카페,디저트",222,서울 동작구 상도로41마길 15 1층,"['디저트가 맛있어요', '커피가 맛있어요', '친절해요']",https://search.pstatic.net/common/?autoRotate=true&type=w560_sharpen&src=https%3A%2F%2Fldb-phinf.pstatic.net%2F20210409_294%2F1617955481814pS0cE_JPEG%2F7dkvsh5zP2Dk3AxjT3VUKd55.jpg,"['스콘', '아메리카노', '카페라떼', '바닐라라떼']"
빨라쪼델프레도 노량진점,아이스크림,273,서울 동작구 만양로18길 19 웅진독서실,"['친절해요', '커피가 맛있어요', '디저트가 맛있어요']",https://search.pstatic.net/common/?autoRotate=true&type=w560_sharpen&src=https%3A%2F%2Fldb-phinf.pstatic.net%2F20191010_79%2F1570683451419OPRtR_JPEG%2FKakaoTalk_20191010_135510195.jpg,"['스터디룸', '꼬빠 삐꼴라(1가지맛)_100g', '꼬빠 메디아(2가지맛)_140g', '꼬빠 그란데(3가지맛)_200g']"
디저트39 신대방삼거리역점,카페,907,서울 동작구 상도로 69 상원빌딩 103호,"['디저트가 맛있어요', '음료가 맛있어요', '커피가 맛있어요']",https://search.pstatic.net/common/?autoRotate=true&type=w560_sharpen&src=https%3A%2F%2Fldb-phinf.pstatic.net%2F20180220_244%2F1519103120769cTpqM_JPEG%2FyeUaTyqIxxpvYSOiWWCNvq7i.jpg,"['옥수수중독빵', '갈릭브레드', '도코롤(S)', '(대용량)프리미엄 딸기라떼']"
심야커피 사당본점,"카페,디저트",31,서울 동작구 동작대로11길 104,"['커피가 맛있어요', '가성비가 좋아요', '음료가 맛있어요']",https://search.pstatic.net/common/?autoRotate=true&type=w560_sharpen&src=https%3A%2F%2Fldb-phinf.pstatic.net%2F20210331_299%2F1617161080121sfbx5_JPEG%2FMLU4i_CteACeVg_LDn0GN5hx.jpg,"['1샷 아메리카노', '2샷 아메리카노', '카페라떼', '바닐라라떼']"
라듀레,베이커리,756,서울 동작구 여의대방로 256 성원아파트,"['빵이 맛있어요', '친절해요', '특별한 메뉴가 있어요']",https://search.pstatic.net/common/?autoRotate=true&type=w560_sharpen&src=https%3A%2F%2Fldb-phinf.pstatic.net%2F20200121_282%2F1579614622181S6HT9_JPEG%2FP2dwYC3DR6kZfEQBc1BgIQr3.jpg,"['사랑스러운치즈빵', '앙치아바타', '요쿠르트블루베리']"
이디야커피 상도역점,카페,776,서울 동작구 상도로 277,"['커피가 맛있어요', '음료가 맛있어요', '가성비가 좋아요']",https://search.pstatic.net/common/?autoRotate=true&type=w560_sharpen&src=https%3A%2F%2Fldb-phinf.pstatic.net%2F20231102_277%2F1698892786311vReTQ_JPEG%2FSNS%25B1%25E2%25C5%25B8_%25B3%25D7%25C0%25CC%25B9%25F6%25C3%25A4%25B3%25CE_%25BB%25EA%25B8%25AE%25BF%25C0%25BD%25C3%25C1%25F02%2528%25B8%25DE%25B4%25BA%2529.jpg,"['(R)ICED 토피넛 쇼콜라', '헬로키티 아이스콘 초코(1box)', '(R)HOT 쿠로미 데블 초콜릿', '(R)ICED 버블 블랙토피넛 라떼']"
청맥살롱,북카페,215,서울 동작구 서달로 161-1 2층,"['친절해요', '대화하기 좋아요', '집중하기 좋아요']",https://search.pstatic.net/common/?autoRotate=true&type=w560_sharpen&src=https%3A%2F%2Fldb-phinf.pstatic.net%2F20200714_187%2F1594714835241gTO1h_JPEG%2FKakaoTalk_20200525_194620642_06.jpg,"['리얼밀크티', '아메리카노', '카페라떼', '아인슈페너']"
스타카롱,"카페,디저트",225,서울 동작구 노량진로6길 22,"['디저트가 맛있어요', '친절해요', '커피가 맛있어요']",https://search.pstatic.net/common/?autoRotate=true&type=w560_sharpen&src=https%3A%2F%2Fldb-phinf.pstatic.net%2F20230101_133%2F1672578543767wfNB7_PNG%2F973D49B8-0B52-4DE9-B815-F1FC8865ACE8.png,"['스타카롱', '티그레', '소금빵', '마들렌']"
브레댄코 중앙대점,베이커리,312,서울 동작구 흑석로 84 지1층 102관 B117호,"['빵이 맛있어요', '가성비가 좋아요', '친절해요']",https://search.pstatic.net/common/?autoRotate=true&type=w560_sharpen&src=https%3A%2F%2Fldb-phinf.pstatic.net%2F20230306_103%2F1678066613740YFJGt_JPEG%2F20230306_091003.jpg,"['[패스오더전용] 100원 아메리카노', '아메리카노(i)', '오트밀라떼(i)', '돌체콜드브루']"
더카페 성대시장점,카페,532,"서울 동작구 성대로2길 5-5 1, 2층","['커피가 맛있어요', '가성비가 좋아요', '대화하기 좋아요']",https://search.pstatic.net/common/?autoRotate=true&type=w560_sharpen&src=https%3A%2F%2Fldb-phinf.pstatic.net%2F20230721_142%2F1689905829393Px4jf_JPEG%2FIMG_0329.jpeg,"['자몽허니블랙티BIG', '꿀헛개티', '(테이크아웃)아메리카노', '시크릿바닐라 라떼']"
와플러버,"카페,디저트",263,서울 동작구 흑석로 27 2층 카페,"['디저트가 맛있어요', '친절해요', '가성비가 좋아요']",https://search.pstatic.net/common/?autoRotate=true&type=w560_sharpen&src=https%3A%2F%2Fldb-phinf.pstatic.net%2F20230214_74%2F16763335519760tLWs_JPEG%2FKakaoTalk_20230213_194451361.jpg,"['(포장) 아메리카노', '버터+사과잼 와플', '생크림+초코시럽 와플', '대파베이컨크림치즈와플']"
파리바게뜨 사당역점,베이커리,999+,서울 동작구 동작대로 25 (사당동 1031-28),"['빵이 맛있어요', '친절해요', '매장이 청결해요']",https://search.pstatic.net/common/?autoRotate=true&type=w560_sharpen&src=https%3A%2F%2Fldb-phinf.pstatic.net%2F20230131_232%2F1675133967480ywnGq_JPEG%2F1675132131713.jpg,"['프랑보아즈무즈', '블루베리 치즈무스', '카페오레', '포도치즈케이크']"
왕가탕후루 노량진점,"카페,디저트",192,서울 동작구 노량진로16길 14 1층,"['디저트가 맛있어요', '친절해요', '특별한 메뉴가 있어요']",https://search.pstatic.net/common/?autoRotate=true&type=w560_sharpen&src=https%3A%2F%2Fldb-phinf.pstatic.net%2F20230406_29%2F1680776414007Dme1t_JPEG%2FScreenshot_20230406_191735_Instagram.jpg,"['딸기탕후루', '샤인머스켓 탕후루', '귤탕후루', '애플포도탕후루']"
달콤바니 베이크샵,베이커리,122,서울 동작구 보라매로3길 29 해태보라매타워 상가 2층 33호.달콤바니베이크샵,"['디저트가 맛있어요', '친절해요', '빵이 맛있어요']",https://search.pstatic.net/common/?autoRotate=true&type=w560_sharpen&src=https%3A%2F%2Fnaverbooking-phinf.pstatic.net%2F20231031_276%2F1698744372909OkDYr_JPEG%2F%25B8%25F0%25C0%25BD%25BC%25A6.jpg,"['얼그레이 스콘', '호두범벅베리쿠키', '고메버터스콘', '살구복숭아 잼 스콘']"
BGT호두단팥빵 숭실대역점,베이커리,999+,서울 동작구 상도로 370-1,"['빵이 맛있어요', '가성비가 좋아요', '친절해요']",https://search.pstatic.net/common/?autoRotate=true&type=w560_sharpen&src=https%3A%2F%2Fldb-phinf.pstatic.net%2F20200510_113%2F15890756785879KW1D_JPEG%2Ffv5mkqcvv9n8Dsaees9gloXP.jpg,"['전국택배30개(택배비포함)', '전국택배20개(택배비포함)', '아메리카노', '호두단팥빵 2개']"
할리스 장승배기역점,카페,999+,서울 동작구 장승배기로11가길 11 상도파크자이 상가 1층,['리뷰 참여자가 10명이 되지 않습니다.'],https://search.pstatic.net/common/?autoRotate=true&type=w560_sharpen&src=https%3A%2F%2Fldb-phinf.pstatic.net%2F20210302_125%2F161464487124061agC_JPEG%2FK15utTFWXeuNEny1JMXiV57W.jpg,"['딸기 치즈케익 할리치노', '민트 초코칩 할리치노', '바닐라 딜라이트', '카라멜 마키아또']"
하우스무드,"카페,디저트",89,서울 동작구 상도로61길 72 B101호,"['인테리어가 멋져요', '커피가 맛있어요', '매장이 청결해요']",https://search.pstatic.net/common/?autoRotate=true&type=w560_sharpen&src=https%3A%2F%2Fldb-phinf.pstatic.net%2F20220606_86%2F1654485412467Jrmms_JPEG%2F20220524_195156.jpg,"['허니 샤케라또', '바닐라 라떼', '요거트 보울', '카페모카']"
배스킨라빈스 이수역,아이스크림,999+,서울 동작구 동작대로27길 15 서범빌딩,"['디저트가 맛있어요', '친절해요', '매장이 청결해요']",https://search.pstatic.net/common/?autoRotate=true&type=w560_sharpen&src=https%3A%2F%2Fldb-phinf.pstatic.net%2F20190207_263%2F1549518073913VHxxg_JPEG%2FWzOVG98BAb-9oaMe84QYeDV3.jpg,"['파인트', '쿼터', '패밀리', '버라이어티팩']"
엔제리너스 노량진점,카페,999+,서울 동작구 노량진로 154-1,"['커피가 맛있어요', '음료가 맛있어요', '매장이 청결해요']",https://search.pstatic.net/common/?autoRotate=true&type=w560_sharpen&src=https%3A%2F%2Fldb-phinf.pstatic.net%2F20220905_13%2F16623678242693JsIs_JPEG%2F%25BF%25A3%25C1%25A9%25B7%25CE%25B0%25ED1.jpg,"['아메리카노', '오리지널 불고기 반미', '에그마요 반미', 'FRESH SANDWICH SET']"
뿌리BBURI,브런치카페,12,서울 동작구 여의대방로22길 121 상가동 1층 1205호,"['특별한 메뉴가 있어요', '디저트가 맛있어요', '인테리어가 멋져요']",https://search.pstatic.net/common/?autoRotate=true&type=w560_sharpen&src=https%3A%2F%2Fldb-phinf.pstatic.net%2F20230831_33%2F1693481462312mtlqv_JPEG%2FIMG_0873.jpeg,"['후무스플레이트', '들기름옥면파스타', '후무스플랜트볼피타샌드위치', '후무스쉬림프피타샌드위치']"
SSS,"카페,디저트",63,서울 동작구 만양로14라길 2 1층,"['커피가 맛있어요', '인테리어가 멋져요', '친절해요']",https://search.pstatic.net/common/?autoRotate=true&type=w560_sharpen&src=https%3A%2F%2Fldb-phinf.pstatic.net%2F20230517_188%2F16843063293461cRmF_JPEG%2FIMG_7639.jpeg,['아메리카노']
카페숨,"카페,디저트",225,서울 동작구 상도로 329 지하 1층,"['커피가 맛있어요', '친절해요', '대화하기 좋아요']",https://search.pstatic.net/common/?autoRotate=true&type=w560_sharpen&src=https%3A%2F%2Fldb-phinf.pstatic.net%2F20170801_285%2F1501551789255UM72f_JPEG%2F186681415651166_0.jpeg,['커피']
과일프레소 이수점,"과일,주스전문점",184,서울 동작구 동작대로21길 16 1층,"['음료가 맛있어요', '친절해요', '재료가 신선해요']",https://search.pstatic.net/common/?autoRotate=true&type=w560_sharpen&src=https%3A%2F%2Fldb-phinf.pstatic.net%2F20220504_135%2F1651675368491ormGS_JPEG%2F20220429_193429.jpg,"['아메리카노', '카페라떼', '바닐라라떼', '헤이즐넛 라떼']"
투썸플레이스 신대방삼거리점,카페,999+,서울 동작구 국사봉1길 32,"['커피가 맛있어요', '디저트가 맛있어요', '음료가 맛있어요']",https://search.pstatic.net/common/?autoRotate=true&type=w560_sharpen&src=http%3A%2F%2Fblogfiles.naver.net%2FMjAyMzA5MTlfMjQ1%2FMDAxNjk1MDkyNDA1Mzkw.n7ajda284mgPcrpwv8X2VP1LSSBnaeNtHEkVj7UgBkgg.t1SasRXP1vSo6ccPb8g8k4mhIB_fvZp412TZEoiQ6-cg.JPEG.gusskkim%2F20230917%25A3%25DF201053.jpg,"['아메리카노', '카페모카 R', '카푸치노 R', '카페라떼 R']"
마미파이,"카페,디저트",192,서울 동작구 동작대로17길 20,"['디저트가 맛있어요', '친절해요', '커피가 맛있어요']",https://search.pstatic.net/common/?autoRotate=true&type=w560_sharpen&src=https%3A%2F%2Fldb-phinf.pstatic.net%2F20231007_84%2F16966655834934czEH_JPEG%2F1696665561660.jpg,"['피칸파이', '바나나타르트', '바나나푸딩', '애플타르트']"
더벤티 노량진점,카페,518,서울 동작구 노량진로16길 31,"['커피가 맛있어요', '친절해요', '가성비가 좋아요']",https://search.pstatic.net/common/?autoRotate=true&type=w560_sharpen&src=https%3A%2F%2Fldb-phinf.pstatic.net%2F20200617_94%2F1592362308610bnDTF_JPEG%2FguxhSS81pQo8vNapEfQwT65_.jpg,"['홀리데이 체리소다', '(아이스)그린윈터 티프레시', '(아이스)리치시나몬 딥라떼', '(아이스)아메리카노']"
보통의 케이크,케이크전문,40,서울 동작구 성대로10길 3 1층 보통의 케이크,['리뷰 참여자가 10명이 되지 않습니다.'],https://search.pstatic.net/common/?autoRotate=true&type=w560_sharpen&src=https%3A%2F%2Fldb-phinf.pstatic.net%2F20230817_163%2F1692273864818dW4y8_JPEG%2FKakaoTalk_20230817_210407203.jpg,"['💕손그림 일러스트 케이크! 도안필수', '🤍저세상 Hip함! 어글리 케익', '💘다양한 커스텀 캐릭터 케익!', '🙌로고 케이크! 원하는 로고 가능']"
빽다방 노량진학원점,테이크아웃커피,999+,서울 동작구 만양로 94-2,"['커피가 맛있어요', '가성비가 좋아요', '음료가 맛있어요']",https://search.pstatic.net/common/?autoRotate=true&type=w560_sharpen&src=https%3A%2F%2Fldb-phinf.pstatic.net%2F20190130_33%2F1548815707673spdmS_JPEG%2FgXYNaWZJpJb6-27Td4CNO2qF.jpg,"['뱅쇼(HOT)', '아메리카노(ICED)', '아이스티샷추가(아.샷.추)', '바닐라라떼(ICED)']"
허니홈비 노량진점,아이스크림,70,서울 동작구 노들로 674 2층 24호,"['특별한 메뉴가 있어요', '디저트가 맛있어요', '커피가 맛있어요']",https://search.pstatic.net/common/?autoRotate=true&type=w560_sharpen&src=https%3A%2F%2Fldb-phinf.pstatic.net%2F20230521_8%2F1684649926555ImY0M_JPEG%2FIMG_20220405_121809_548.jpg,['벌집아이스크림']
시너지커피,"카페,디저트",212,서울 동작구 등용로14길 82 1층,"['커피가 맛있어요', '가성비가 좋아요', '음료가 맛있어요']",https://search.pstatic.net/common/?autoRotate=true&type=w560_sharpen&src=https%3A%2F%2Fldb-phinf.pstatic.net%2F20230817_25%2F1692283517008WnrJj_JPEG%2FIMG_5742.jpeg,['휘낭시에']
사이시간,"카페,디저트",3,서울 동작구 사당로23나길 32 4층,['리뷰 참여자가 10명이 되지 않습니다.'],https://search.pstatic.net/common/?autoRotate=true&type=w560_sharpen&src=https%3A%2F%2Fldb-phinf.pstatic.net%2F20231116_94%2F1700108935343LmNbq_JPEG%2F%25C1%25A6%25B8%25F1%25C0%25BB-%25C0%25D4%25B7%25C2%25C7%25D8%25C1%25D6%25BC%25BC%25BF%25E4_-001_%25282%2529.jpg,"['평일무제한이용권', '기본이용(30분)', '추가이용(10분당)', '아메리카노(HOT/ICE)']"
커피에반하다 노량진점 스마트 무인카페,카페,43,서울 동작구 만양로 81 1층,"['커피가 맛있어요', '가성비가 좋아요', '매장이 청결해요']",https://search.pstatic.net/common/?autoRotate=true&type=w560_sharpen&src=https%3A%2F%2Fldb-phinf.pstatic.net%2F20231120_121%2F1700488537801199Wl_JPEG%2FIMG_0580.jpeg,"['아이스 프리미엄 아메리카노', 'HOT_(P)아메리카노', 'ICED_(P)아메리카노', 'HOT_디카페인 아메리카노']"
st.244,카페,116,서울 동작구 사당로 244 318-100 (횡단보도앞),"['커피가 맛있어요', '친절해요', '디저트가 맛있어요']",https://search.pstatic.net/common/?autoRotate=true&type=w560_sharpen&src=https%3A%2F%2Fldb-phinf.pstatic.net%2F20220228_19%2F1646017085220Wkf9o_JPEG%2FKakaoTalk_20220228_112852489_06.jpg,"['에그타르트', '애플파이', '햄&치즈 당근라페 샌드위치', '에그 당근라페 샌드위치']"
올리브나무 스터디카페,스터디카페,69,서울 동작구 상도로30길 40 상도커뮤니티복합문화센터 1층 올리브나무 스터디카페,"['집중하기 좋아요', '좌석이 편해요', '분위기 관리가 철저해요']",https://search.pstatic.net/common/?autoRotate=true&type=w560_sharpen&src=https%3A%2F%2Fldb-phinf.pstatic.net%2F20231121_64%2F1700563803416gvKRd_JPEG%2F%25B9%25DD%25B0%25A1%25BF%25F6%25BF%25EB%25C0%25CC%25BA%25A5%25C6%25AE.jpg,"['당일권 3시간', '당일권 4시간', '당일권 6시간', '당일권 8시간']"
백미당 서송타워점,카페,830,서울 동작구 동작대로 137,"['디저트가 맛있어요', '커피가 맛있어요', '매장이 청결해요']",https://search.pstatic.net/common/?autoRotate=true&type=w560_sharpen&src=https%3A%2F%2Fldb-phinf.pstatic.net%2F20200403_82%2F1585878100958f8mXn_JPEG%2F2QFAZYjNuGTLl2Q6v5KbBHJt.jpeg.jpg,"['에스프레소', '아메리카노', '백미담라떼', '백미담가푸치노']"
메가MGC커피 노량진점,카페,999+,서울 동작구 노량진로16길 14,"['커피가 맛있어요', '가성비가 좋아요', '음료가 맛있어요']",https://search.pstatic.net/common/?autoRotate=true&type=w560_sharpen&src=https%3A%2F%2Fldb-phinf.pstatic.net%2F20190130_56%2F1548816397189u8YPg_JPEG%2FDf1rIuGSIGzHMDsuiGqMLcTh.jpg,"['레드오렌지자몽주스', '화이트 뱅쇼', '스노우 샹그리아 에이드', '따끈따끈 간식꾸러미']"
빨간벽돌,"카페,디저트",144,서울 동작구 여의대방로16길 14 1층,"['커피가 맛있어요', '디저트가 맛있어요', '친절해요']",https://search.pstatic.net/common/?autoRotate=true&type=w560_sharpen&src=https%3A%2F%2Fldb-phinf.pstatic.net%2F20220830_1%2F1661858222365uFMEG_JPEG%2F9D37312E-8767-43FA-8DE1-B6C5C1947B85.jpeg,"['소금빵2개', '휘낭시에', '플레인스콘', '얼그레이스콘']"
더플롯커피 5호점,"카페,디저트",473,서울 동작구 보라매로5길 43 111호,"['커피가 맛있어요', '음료가 맛있어요', '인테리어가 멋져요']",https://search.pstatic.net/common/?autoRotate=true&type=w560_sharpen&src=https%3A%2F%2Fldb-phinf.pstatic.net%2F20200806_33%2F159667089571600sJv_JPEG%2FjC5JXn4SgyNnTLYj_dK4h0z0.jpg,['아메리카노']
엘리스파이 중앙대점,베이커리,196,서울 동작구 흑석로 95 엘리스파이 중앙대점,"['빵이 맛있어요', '특별한 메뉴가 있어요', '친절해요']",https://search.pstatic.net/common/?autoRotate=true&type=w560_sharpen&src=https%3A%2F%2Fldb-phinf.pstatic.net%2F20220312_274%2F1647075088492YXzQ2_JPEG%2FFD9D573A-D688-426E-87D4-827D499EDF01.jpeg,"['나비파이', '호두시나몬(25pcs)', '호두시나몬(12pcs)', '에그타르트']"
보석탕후루 노량진점,"카페,디저트",42,서울 동작구 노량진로 157 1층 1호,"['디저트가 맛있어요', '친절해요', '가성비가 좋아요']",https://search.pstatic.net/common/?autoRotate=true&type=w560_sharpen&src=https%3A%2F%2Fldb-phinf.pstatic.net%2F20230822_275%2F1692633162759QxLtU_JPEG%2F%25BA%25B8%25BC%25AE%25C5%25C1%25C8%25C4%25B7%25E7_%25B7%25CE%25B0%25ED.jpg,"['귤 탕후루', '딸기 탕후루', '아도라포도 탕후루', '샤인머스캣 탕후루']"
미니타이야끼 노량진점,"카페,디저트",196,서울 동작구 만양로14길 60 세종빌딩 1층,"['디저트가 맛있어요', '특별한 메뉴가 있어요', '친절해요']",https://search.pstatic.net/common/?autoRotate=true&type=w560_sharpen&src=https%3A%2F%2Fldb-phinf.pstatic.net%2F20190704_207%2F156220178965211Sme_JPEG%2FnBSsVXjtrwni5-qoczxsFTxO.jpeg.jpg,"['우유눈꽃빙수', '미니타이야끼(12개)', '미니타이야끼(20개)', '수제매실차']"
달콤왕가탕후루 신대방삼거리역점,"카페,디저트",39,서울 동작구 국사봉길 4 1층,"['디저트가 맛있어요', '친절해요', '특별한 메뉴가 있어요']",https://search.pstatic.net/common/?autoRotate=true&type=w560_sharpen&src=https%3A%2F%2Fldb-phinf.pstatic.net%2F20231019_299%2F1697708724824VbRwX_JPEG%2FIMG_4852.jpeg,['딸기탕후루']
카페니토,"카페,디저트",299,서울 동작구 상도로15길 105,"['커피가 맛있어요', '음료가 맛있어요', '친절해요']",https://search.pstatic.net/common/?autoRotate=true&type=w560_sharpen&src=https%3A%2F%2Fldb-phinf.pstatic.net%2F20150831_33%2F1441022437277lhs6Q_JPEG%2FSUBMIT_1417149537701_32350261.jpg,"['아메리카노', '카라멜 마끼아또', '블루베리바나나주스(ICE)', '누텔라 바나나 벨기에와플']"
노을카페,카페,208,서울 동작구 동작대로 335 노을카페,"['친절해요', '상품이 다양해요', '트렌디한 상품이 많아요']",https://search.pstatic.net/common/?autoRotate=true&type=w560_sharpen&src=http%3A%2F%2Fblogfiles.naver.net%2FMjAyMzExMThfMjU3%2FMDAxNzAwMzE5NTU0MTgy.0o4PJH720nBfDwpF4ezaLd3ajK4nyHFDbgr20QZpwjYg.-VirNFnXGdRVQQVF9qLlTIg1CVg28sVDCzDJipDXKS8g.JPEG.woochitect%2FIMG_1293.,"['아메리카노', '카페라떼', '카푸치노', '바닐라라떼']"
나리당,케이크전문,85,서울 동작구 사당로16가길 93 1층 나리당,"['디저트가 맛있어요', '친절해요', '커피가 맛있어요']",https://search.pstatic.net/common/?autoRotate=true&type=w560_sharpen&src=https%3A%2F%2Fldb-phinf.pstatic.net%2F20230415_70%2F1681553602298AmgtF_JPEG%2FA525C724-D1E3-40BB-9D16-628AD5D62846.jpeg,"['조각케이크', '마카롱', '아메리카노']"
트러스트커피 보라매점,카페,316,서울 동작구 보라매로3길 29,"['커피가 맛있어요', '음료가 맛있어요', '친절해요']",https://search.pstatic.net/common/?autoRotate=true&type=w560_sharpen&src=https%3A%2F%2Fldb-phinf.pstatic.net%2F20211025_21%2F1635134156930iHp2N_JPEG%2FNRQMkrk3ZdlCYp3FXpHWgq6h.jpg,"['카페 라떼', '아메리카노A', '플랫 화이트', '돌체 라떼']"
더벤티 장승배기역점,카페,999+,서울 동작구 상도로 180,"['커피가 맛있어요', '가성비가 좋아요', '음료가 맛있어요']",https://search.pstatic.net/common/?autoRotate=true&type=w560_sharpen&src=https%3A%2F%2Fldb-phinf.pstatic.net%2F20200617_94%2F1592362308610bnDTF_JPEG%2FguxhSS81pQo8vNapEfQwT65_.jpg,"['[HOT]아메리카노', '[ICE]아메리카노', '카페라떼', '믹스커피']"
던킨 신대방삼거리점,도넛,999+,서울 동작구 상도로 84 동양빌딩,"['디저트가 맛있어요', '친절해요', '커피가 맛있어요']",https://search.pstatic.net/common/?autoRotate=true&type=w560_sharpen&src=https%3A%2F%2Fldb-phinf.pstatic.net%2F20150901_267%2F1441041955257uUXLo_JPEG%2F166176613071522_0.jpg,"['카카오하니딥', '바바리안필드', '버라이어티6EA', '(캔)카푸치노']"
컴포즈커피 사당임하빌딩점,카페,999+,서울 동작구 남부순환로 2061 1층 컴포즈커피,"['가성비가 좋아요', '커피가 맛있어요', '친절해요']",https://search.pstatic.net/common/?autoRotate=true&type=w560_sharpen&src=https%3A%2F%2Fldb-phinf.pstatic.net%2F20200604_299%2F15912372788401nNe4_JPEG%2FQ-W45nqpVHl8SF19H1fT9TRy.jpg,"['커피밀크쉐이크(ICE)', '딸기스무디(ICE)', '리얼초코자바칩프라페(ICE)', '사과생크림와플']"
더쌍화커피 남성역점,한방카페,127,서울 동작구 사당로 253-3 1층,"['차가 맛있어요', '친절해요', '특별한 메뉴가 있어요']",https://search.pstatic.net/common/?autoRotate=true&type=w560_sharpen&src=https%3A%2F%2Fldb-phinf.pstatic.net%2F20230303_58%2F1677839942273qLUHc_JPEG%2F1677839925414.jpg,"['특쌍화 (hot/ice)', '컵빙수 (1인분)', '전통쌍화 (hot/ice)', '헛개쌍화 (hot/ice)']"
쎄뿌뚜와,베이커리,302,서울 동작구 상도로15길 80 1층,"['빵이 맛있어요', '친절해요', '특별한 메뉴가 있어요']",https://search.pstatic.net/common/?autoRotate=true&type=w560_sharpen&src=https%3A%2F%2Fldb-phinf.pstatic.net%2F20210602_247%2F1622642836860Vd0kP_JPEG%2FZ0wlbhfMGyuXbbT3pZyKRL7O.jpeg.jpg,['아메리카노']
캉파뇽제빵소 사당점,베이커리,999+,서울 동작구 남부순환로 2067,"['빵이 맛있어요', '친절해요', '매장이 청결해요']",https://search.pstatic.net/common/?autoRotate=true&type=w560_sharpen&src=https%3A%2F%2Fldb-phinf.pstatic.net%2F20200608_25%2F1591573855942aioxE_JPEG%2FsO1TdLy0ij6GI16EQ8Ng-NIc.jpeg.jpg,"['에스프레소 hot', '아메리카노 hot', '카페라떼 hot', '바닐라라떼 hot']"
컴포즈커피 이수총신대점,카페,344,서울 동작구 동작대로27길 16-7 1층 컴포즈커피,"['가성비가 좋아요', '커피가 맛있어요', '음료가 맛있어요']",https://search.pstatic.net/common/?autoRotate=true&type=w560_sharpen&src=https%3A%2F%2Fldb-phinf.pstatic.net%2F20210115_198%2F1610678516849adKNi_JPEG%2Fuc5eXBsIBDGdmz-j-9Hd8f4t.jpeg.jpg,"['[패스오더전용] 100원 아메리카노', '아메리카노']"
메가MGC커피 숭실대입구역점,카페,504,서울 동작구 상도로 362-1 1층,"['커피가 맛있어요', '가성비가 좋아요', '음료가 맛있어요']",https://search.pstatic.net/common/?autoRotate=true&type=w560_sharpen&src=https%3A%2F%2Fldb-phinf.pstatic.net%2F20230320_143%2F16792741080288p7Ha_JPEG%2F%25BC%25FE%25BD%25C7%25B4%25EB%25C0%25D4%25B1%25B8%25BF%25AA%25C1%25A1%25BF%25DC%25BA%25CE1.jpg,['(ICE)아메리카노']
이수당,"카페,디저트",130,서울 동작구 동작대로15길 87 101호,"['커피가 맛있어요', '디저트가 맛있어요', '친절해요']",https://search.pstatic.net/common/?autoRotate=true&type=w560_sharpen&src=https%3A%2F%2Fldb-phinf.pstatic.net%2F20220220_239%2F16453601478649L8LE_JPEG%2F1636380235292.jpg,"['바닐라라떼', '글루텐프리 레몬마들렌', '솔티카라멜 휘낭시에', '누네띠네 휘낭시에']"
텐퍼센트커피 보라매타운점,카페,621,서울 동작구 보라매로5길 43,"['커피가 맛있어요', '음료가 맛있어요', '가성비가 좋아요']",https://search.pstatic.net/common/?autoRotate=true&type=w560_sharpen&src=https%3A%2F%2Fldb-phinf.pstatic.net%2F20230502_299%2F1682997333745daOsJ_JPEG%2F5%25BF%25F9_2%25C0%25CF_%25BA%25B8%25B6%25F3%25B8%25C5%25C5%25B8%25BF%25EE%25C1%25A1.jpg,"['텐라떼(10oz/아이스)', '아메리카노(다크/미디엄)', '카페라떼', '플랫화이트(10oz/아이스)']"
배스킨라빈스 장승배기역,아이스크림,999+,서울 동작구 상도로 207,"['디저트가 맛있어요', '친절해요', '특별한 메뉴가 있어요']",https://search.pstatic.net/common/?autoRotate=true&type=w560_sharpen&src=https%3A%2F%2Fldb-phinf.pstatic.net%2F20190207_263%2F1549518073913VHxxg_JPEG%2FWzOVG98BAb-9oaMe84QYeDV3.jpg,"['파인트', '나눠먹는 큐브 와츄원', '싱글킹 컵', '2번 숫자초']"
