name,class,review_count,address,review_top3,background_image_url,cafe_menu
크림베이글 건대점,베이글,669,서울 광진구 아차산로31길 20-4 1층,"['빵이 맛있어요', '친절해요', '인테리어가 멋져요']",https://search.pstatic.net/common/?autoRotate=true&type=w560_sharpen&src=https%3A%2F%2Fldb-phinf.pstatic.net%2F20230731_180%2F1690776832229kFGJd_JPEG%2FKakaoTalk_20230730_205532919_04.jpg,['플레인 베이글']
스터디예감 24시간 무인 스터디카페 스터디룸,스터디카페,71,서울 광진구 능동로 103,"['커피가 맛있어요', '음료가 맛있어요', '디저트가 맛있어요']",https://search.pstatic.net/common/?autoRotate=true&type=w560_sharpen&src=https%3A%2F%2Fldb-phinf.pstatic.net%2F20220905_13%2F16623678242693JsIs_JPEG%2F%25BF%25A3%25C1%25A9%25B7%25CE%25B0%25ED1.jpg,"['아메리카노', '오리지널 불고기 반미', '에그마요 반미', 'FRESH SANDWICH SET']"
재해석 건대점,"카페,디저트",40,서울 광진구 아차산로 272 2층,"['디저트가 맛있어요', '특별한 메뉴가 있어요', '커피가 맛있어요']",https://search.pstatic.net/common/?autoRotate=true&type=w560_sharpen&src=https%3A%2F%2Fldb-phinf.pstatic.net%2F20231017_270%2F1697531762537jHtD3_JPEG%2FIMG_3555.jpeg,"['커스터드푸딩파르페', '푸딩라떼(시그니처)', '바닐라콘푸딩파르페', '딸기푸딩샤베트']"
리셋커피 아일랜드,"카페,디저트",153,서울 광진구 동일로20길 68 1층 리셋커피아일랜드,"['커피가 맛있어요', '디저트가 맛있어요', '인테리어가 멋져요']",https://search.pstatic.net/common/?autoRotate=true&type=w560_sharpen&src=https%3A%2F%2Fldb-phinf.pstatic.net%2F20231009_179%2F1696847880224mS7HY_JPEG%2FIMG_2604.jpeg,"['얼그레이 갸또쇼콜라', '밤 치즈케이크', '피스타치오 푸딩', '티라미수']"
쑥띵,"카페,디저트",188,서울 광진구 능동로 137 1층,"['디저트가 맛있어요', '친절해요', '특별한 메뉴가 있어요']",https://search.pstatic.net/common/?autoRotate=true&type=w560_sharpen&src=https%3A%2F%2Fldb-phinf.pstatic.net%2F20230814_157%2F1691989633701gxDAa_JPEG%2F1691471203155.jpg,"['쑥띵라떼 HOT', '쑥 파운드케이크', '쑥 사브레 쿠키 (12EA)', '쑥 약과 휘낭시에']"
카페 그자체 베이커리,베이커리,999+,서울 광진구 능동로13길 65 2층,"['빵이 맛있어요', '인테리어가 멋져요', '커피가 맛있어요']",https://search.pstatic.net/common/?autoRotate=true&type=w560_sharpen&src=https%3A%2F%2Fldb-phinf.pstatic.net%2F20191230_53%2F1577636928156lvjBd_PNG%2FlSa-laSqhW1i-HEPMjfS3ncb.PNG.png,"['딸기케이크', '딸기홀케이크', '에스프레소', '아메리카노']"
흐릇,카페,924,서울 광진구 군자로 19 1층,"['디저트가 맛있어요', '음료가 맛있어요', '인테리어가 멋져요']",https://search.pstatic.net/common/?autoRotate=true&type=w560_sharpen&src=https%3A%2F%2Fldb-phinf.pstatic.net%2F20231014_257%2F1697261813413hPYi4_JPEG%2FIMG_2603.jpeg,"['보늬밤빙수', '상주곶감크림치즈', '밤크림라떼', '수제밀크티']"
뚝방길 홍차가게,"카페,디저트",999+,서울 광진구 자양강변길 277 1층,"['디저트가 맛있어요', '음료가 맛있어요', '특별한 메뉴가 있어요']",https://search.pstatic.net/common/?autoRotate=true&type=w560_sharpen&src=https%3A%2F%2Fldb-phinf.pstatic.net%2F20180605_277%2F1528178286595Y6SyF_JPEG%2FVKhujXnCMcmS__6E7qo-Zsou.JPG.jpg,"['Bolero (Mariage freres)', 'Packs a peach (T2)', '다즐링 (Twinings)', '다즐링 SFTGFOP1 (Puttabong)']"
풀리카페 건대점,"카페,디저트",999+,서울 광진구 아차산로 295-12 FullyCafe,"['커피가 맛있어요', '인테리어가 멋져요', '디저트가 맛있어요']",https://search.pstatic.net/common/?autoRotate=true&type=w560_sharpen&src=https%3A%2F%2Fldb-phinf.pstatic.net%2F20231015_102%2F1697339461369SwNVW_JPEG%2FKakaoTalk_20231014_183919290_21.jpg,"['아메리카노', '카페라떼', '바닐라라떼', '로얄밀크티']"
투또톤토,"카페,디저트",999+,서울 광진구 능동로 125 1층 투또톤토,"['커피가 맛있어요', '디저트가 맛있어요', '인테리어가 멋져요']",https://search.pstatic.net/common/?autoRotate=true&type=w560_sharpen&src=https%3A%2F%2Fldb-phinf.pstatic.net%2F20230419_293%2F1681889767828RGNTu_JPEG%2F1668862019635.jpg,"['에스프레소 만돌라', '에스프레소 에르브 멘타', '투또톤토 디저트 10여종', '탕종 소금빵3종_신규출시']"
따우전드,"카페,디저트",720,서울 광진구 면목로7길 8 1층,"['디저트가 맛있어요', '인테리어가 멋져요', '커피가 맛있어요']",https://search.pstatic.net/common/?autoRotate=true&type=w560_sharpen&src=https%3A%2F%2Fldb-phinf.pstatic.net%2F20230502_208%2F1682954972733m0NuW_JPEG%2FIMG_3870.jpeg,"['TOM (from 키웨스트)', '바나나 크림 파이', '보스턴 크림 파이', '펌킨 파이']"
슈드 Seoul,"카페,디저트",999+,서울 광진구 아차산로31길 6 슈드서울,"['디저트가 맛있어요', '커피가 맛있어요', '인테리어가 멋져요']",https://search.pstatic.net/common/?autoRotate=true&type=w560_sharpen&src=https%3A%2F%2Fldb-phinf.pstatic.net%2F20221223_237%2F1671789087779An1fm_JPEG%2FKakaoTalk_20221223_184811231_08.jpg,"['티라미슈드', '라자냐슈드', 'ICE아메리카노', 'HOT아메리카노']"
IWLT SEOUL,"카페,디저트",57,서울 광진구 천호대로118길 39 1층,"['커피가 맛있어요', '친절해요', '인테리어가 멋져요']",https://search.pstatic.net/common/?autoRotate=true&type=w560_sharpen&src=https%3A%2F%2Fldb-phinf.pstatic.net%2F20230926_293%2F1695726845313vjNyC_JPEG%2FD014F442-46BA-40F2-A497-3B73A6FBEF71.jpeg,['카페라떼']
카페 아르무아,"카페,디저트",999+,서울 광진구 동일로22길 117-27,"['인테리어가 멋져요', '커피가 맛있어요', '디저트가 맛있어요']",https://search.pstatic.net/common/?autoRotate=true&type=w560_sharpen&src=https%3A%2F%2Fldb-phinf.pstatic.net%2F20221101_8%2F1667287694656bCzDU_JPEG%2FKakaoTalk_20221101_160943384_05.jpg,"['아인슈페너라떼', '너틸리 아르무아', '패션후르츠망고 에이드', '잠봉 토스트']"
더이퀼리브리엄커피,카페,999+,서울 광진구 아차산로30길 7 3층 더이퀼리브리엄커피,"['인테리어가 멋져요', '커피가 맛있어요', '디저트가 맛있어요']",https://search.pstatic.net/common/?autoRotate=true&type=w560_sharpen&src=https%3A%2F%2Fldb-phinf.pstatic.net%2F20230119_102%2F1674056700549qLOCr_JPEG%2F%25C0%25CC%25C4%25FE%25B8%25AE%25BA%25EA%25B8%25AE%25BE%25F6%25BF%25DC%25B0%25FC%25C0%25FC%25B0%25E6230119.jpg,"['블랙 어텀 라떼 (2023)', '버터바 (클래식 / 황치즈)', '얼그레이 파운드 케이크', '말차 파운드 케이크']"
그랜드 워커힐 서울 르 파사쥬,베이커리,710,서울 광진구 워커힐로 177 그랜드 워커힐 서울 1층,"['빵이 맛있어요', '친절해요', '매장이 청결해요']",https://search.pstatic.net/common/?autoRotate=true&type=w560_sharpen&src=https%3A%2F%2Fldb-phinf.pstatic.net%2F20210903_89%2F1630657688183cUN9B_JPEG%2F9a_cDunBxlyVE5wnaRw44utq.jpg,"['케이크 메뉴 전체', '플라워레스 초코 가나슈/순수 생크림', '레몬 케이크/과일 바닐라크림', '코튼 시폰 케이크/레밍턴 샌드']"
체리커피,"카페,디저트",999+,서울 광진구 능동로 284,"['커피가 맛있어요', '디저트가 맛있어요', '인테리어가 멋져요']",https://search.pstatic.net/common/?autoRotate=true&type=w560_sharpen&src=https%3A%2F%2Fldb-phinf.pstatic.net%2F20180427_298%2F1524807871463rclRN_JPEG%2F7VRz6pdROo0UYrgrg1ge-B4K.jpg,"['(포장) 아메리카노', '시오빵', '(포장) 카페라떼', '바나나 페스츄리']"
엠케이갤러리스튜디오,"카페,디저트",878,서울 광진구 군자로 41,"['인테리어가 멋져요', '커피가 맛있어요', '디저트가 맛있어요']",https://search.pstatic.net/common/?autoRotate=true&type=w560_sharpen&src=https%3A%2F%2Fldb-phinf.pstatic.net%2F20221114_126%2F1668398306362IlpKf_JPEG%2FKakaoTalk_20221113_195911616_02.jpg,"['수제 티라미수', '크로크무슈', '마시멜로우초코', '흑임자샷라떼']"
해피니스디저트,"카페,디저트",999+,서울 광진구 아차산로30길 31 Happiness Dessert 妖开心甜品,"['디저트가 맛있어요', '음료가 맛있어요', '특별한 메뉴가 있어요']",https://search.pstatic.net/common/?autoRotate=true&type=w560_sharpen&src=https%3A%2F%2Fldb-phinf.pstatic.net%2F20210924_262%2F1632409707890fPtPk_PNG%2FCcSZ3cx3tw7SnWtBLnxFG9gR.png,"['대만식 타로볼 녹은빙수 · 芋圆', '버블 밀크티 · 奶茶', '홍콩식 우유푸딩 · 双皮奶', '양즈간루 디저트 · 杨枝甘露甜品']"
크림베이글,베이글,999+,서울 광진구 아차산로76길 34 1층,"['빵이 맛있어요', '친절해요', '특별한 메뉴가 있어요']",https://search.pstatic.net/common/?autoRotate=true&type=w560_sharpen&src=https%3A%2F%2Fldb-phinf.pstatic.net%2F20230908_248%2F1694165634236bD04r_JPEG%2Fimage.jpg,"['커피', '디카페인커피']"
사적인 숲,"카페,디저트",387,서울 광진구 동일로 26 1층,"['인테리어가 멋져요', '커피가 맛있어요', '사진이 잘 나와요']",https://search.pstatic.net/common/?autoRotate=true&type=w560_sharpen&src=https%3A%2F%2Fldb-phinf.pstatic.net%2F20230808_37%2F1691477738147laB87_PNG%2F%25BD%25BA%25C5%25A9%25B8%25B0%25BC%25A6_2023-08-08_%25BF%25C0%25C8%25C4_3.52.02.png,"['분재 티라미수', '그라니따', '마다가스카르 바닐라', '아메리카노']"
모츠커피,카페,999+,서울 광진구 군자로3길 14 1층,"['커피가 맛있어요', '디저트가 맛있어요', '친절해요']",https://search.pstatic.net/common/?autoRotate=true&type=w560_sharpen&src=https%3A%2F%2Fldb-phinf.pstatic.net%2F20220823_174%2F1661214475765AU8oB_JPEG%2FScreenshot_20220821-075942_Instagram.jpg,"['에스프레소', '코르네토', '바나나푸딩', '티라미수']"
리프디어,"카페,디저트",367,서울 광진구 자양번영로1길 15 1층,"['친절해요', '커피가 맛있어요', '디저트가 맛있어요']",https://search.pstatic.net/common/?autoRotate=true&type=w560_sharpen&src=https%3A%2F%2Fldb-phinf.pstatic.net%2F20221221_271%2F1671611282624ektbV_JPEG%2FKakaoTalk_20221221_172123246.jpg,"['버터스카치', '토피넛크림라떼', '히비스커스 패션 에이드', '수제르뱅쿠키']"
푸쉬커피,"카페,디저트",883,서울 광진구 자양로45길 24-3 푸쉬커피 (최우측집),"['커피가 맛있어요', '친절해요', '디저트가 맛있어요']",https://search.pstatic.net/common/?autoRotate=true&type=w560_sharpen&src=https%3A%2F%2Fldb-phinf.pstatic.net%2F20220318_99%2F1647583579726UndKr_JPEG%2F%25BF%25DC%25B0%25FC.jpg,"['푸쉬라떼', '쿠키', '아차산슈페너', '아메리카노']"
해피베어데이 롯데백화점 건대스타시티점,"카페,디저트",471,서울 광진구 능동로 92,"['빵이 맛있어요', '특별한 메뉴가 있어요', '친절해요']",https://search.pstatic.net/common/?autoRotate=true&type=w560_sharpen&src=https%3A%2F%2Fldb-phinf.pstatic.net%2F20230309_178%2F1678348051576XO7sH_JPEG%2F%25C7%25D8%25C7%25C7%25BA%25A3%25BE%25EE%25B5%25A5%25C0%25CC_%25B7%25CE%25B0%25ED.jpg,['도시락케이크']
보난자커피 군자점,"카페,디저트",999+,서울 광진구 능동로 239-1 B동 1층 보난자커피,"['커피가 맛있어요', '인테리어가 멋져요', '디저트가 맛있어요']",https://search.pstatic.net/common/?autoRotate=true&type=w560_sharpen&src=https%3A%2F%2Fldb-phinf.pstatic.net%2F20220518_58%2F1652861247773Dike6_JPEG%2F_MG_4177.,"['Filter Coffee', '마블 초콜렛 파운드', 'Americano', 'Cafe Latte']"
본초쌍화,테마카페,564,서울 광진구 자양로5길 33 본초쌍화(지하 2층),"['컨셉이 독특해요', '친절해요', '음료가 맛있어요']",https://search.pstatic.net/common/?autoRotate=true&type=w560_sharpen&src=https%3A%2F%2Fldb-phinf.pstatic.net%2F20230920_103%2F1695189087194gQLpx_JPEG%2F1695188068172.jpg,"['본초쌍화차', '녹용대보차', '홍삼쌍화차', '오미쌍화차']"
실란트로커피,"카페,디저트",999+,서울 광진구 천호대로132길 10,"['커피가 맛있어요', '인테리어가 멋져요', '디저트가 맛있어요']",https://search.pstatic.net/common/?autoRotate=true&type=w560_sharpen&src=https%3A%2F%2Fldb-phinf.pstatic.net%2F20190201_95%2F1548998114217RRH6b_JPEG%2FMgwy6HmUGd4yTkp2TCJxXC8F.jpg,"['아메리카노', '카페라떼', '흑당미숫가루밀쉐', '로투스 밀쉐']"
앤시넌,"카페,디저트",160,서울 광진구 능동로 137-3 1층,"['커피가 맛있어요', '인테리어가 멋져요', '친절해요']",https://search.pstatic.net/common/?autoRotate=true&type=w560_sharpen&src=https%3A%2F%2Fldb-phinf.pstatic.net%2F20230825_103%2F1692949928013mCxGF_JPEG%2FIMG_0607.jpeg,"['FILTER COFFEE', 'CREAM IVORY', 'CREAM BROWN', '커스터드 푸딩']"
RADIANT,"카페,디저트",890,서울 광진구 능동로38길 41 101호 RADIANT,['리뷰 참여자가 10명이 되지 않습니다.'],https://search.pstatic.net/common/?autoRotate=true&type=w560_sharpen&src=https%3A%2F%2Fldb-phinf.pstatic.net%2F20230111_3%2F1673427934229dRHzN_JPEG%2F55275B4B-8BBC-48FA-8854-7A4533915235.jpeg,"['아메리카노', '소이라떼', '아인슈페너', '헤이즐넛라떼']"
언필드,"카페,디저트",253,서울 광진구 동일로22길 30 2층,"['디저트가 맛있어요', '커피가 맛있어요', '인테리어가 멋져요']",https://search.pstatic.net/common/?autoRotate=true&type=w560_sharpen&src=https%3A%2F%2Fldb-phinf.pstatic.net%2F20230822_49%2F1692684302481Iq9tf_JPEG%2FKakaoTalk_Photo_2023-08-22-15-04-47_008.jpeg,"['옥수수 바스크 치즈케이크', '밀크티 바스크치즈케이크', '농후푸딩', '바닐라크림 브라우니']"
원즈커피,"카페,디저트",708,서울 광진구 자양로32길 32 원즈커피,"['커피가 맛있어요', '친절해요', '음료가 맛있어요']",https://search.pstatic.net/common/?autoRotate=true&type=w560_sharpen&src=https%3A%2F%2Fvideo-phinf.pstatic.net%2F20231116_106%2F1700136633303alCV4_JPEG%2F224636a1-8479-11ee-92d9-80615f0c46b2_03.jpg,"['아메리카노', '카페라떼', '콜드브루', '플랫화이트']"
랭보,"카페,디저트",305,서울 광진구 동일로18길 96 2층,"['디저트가 맛있어요', '커피가 맛있어요', '친절해요']",https://search.pstatic.net/common/?autoRotate=true&type=w560_sharpen&src=https%3A%2F%2Fldb-phinf.pstatic.net%2F20230407_148%2F1680794564310CtQ8z_JPEG%2FE8B5E382-9EC0-4512-BA26-C48D2752B90C.jpeg,"['피스타치오 치즈케이크', '프렌치 토스트', '랭보커피(너티크림라떼)', '솔티피넛 치즈케이크']"
카푸베어,"카페,디저트",376,서울 광진구 능동로 143 B1층,"['인테리어가 멋져요', '디저트가 맛있어요', '친절해요']",https://search.pstatic.net/common/?autoRotate=true&type=w560_sharpen&src=https%3A%2F%2Fldb-phinf.pstatic.net%2F20230708_274%2F1688796422608Pajgq_PNG%2FKakaoTalk_20230707_223504669.png,"['팬케이크', '파르페', '푸딩', '카푸베어 크림라떼']"
릴리베이커리,베이커리,999+,서울 광진구 능동로13길 21 1층 릴리베이커리(김밥천국바로옆)-지하X,"['빵이 맛있어요', '특별한 메뉴가 있어요', '친절해요']",https://search.pstatic.net/common/?autoRotate=true&type=w560_sharpen&src=https%3A%2F%2Fldb-phinf.pstatic.net%2F20231103_100%2F1699020378861no0D5_JPEG%2FIMG_2425.jpeg,"['[[BEST1]]고메버터 릴리소금빵(1개)', '[[BEST2]]인절미 크림빵', '[[릴사장의야심찬]]건대 찐 연유 소프트 바게트(대박신메뉴)', '[[2023대세쿠키]]약과쿠키 :D']"
윤키,"카페,디저트",371,서울 광진구 능동로38길 27 1층 윤키,"['디저트가 맛있어요', '친절해요', '특별한 메뉴가 있어요']",https://search.pstatic.net/common/?autoRotate=true&type=w560_sharpen&src=https%3A%2F%2Fvideo-phinf.pstatic.net%2F20231128_163%2F1701165626675ECSg2_JPEG%2Ff0b98ffa-8dd4-11ee-b2df-505dacfba98a_03.jpg,"['아메리카노', '라떼', '돌체라떼', '바닐라라떼']"
안다미로 팬케이크 건대점,"카페,디저트",822,서울 광진구 아차산로25길 8 2층 안다미로 팬케이크,"['디저트가 맛있어요', '인테리어가 멋져요', '커피가 맛있어요']",https://search.pstatic.net/common/?autoRotate=true&type=w560_sharpen&src=https%3A%2F%2Fldb-phinf.pstatic.net%2F20210914_147%2F1631613728696SMOV9_JPEG%2F_FurkJJucWWfwiX_s8chIYNB.jpeg.jpg,"['안다미로 팬케이크', '크렘브륄레 수플레 팬케이크', '딸기 수플레 팬케이크', '크로플']"
아오스요거트,"카페,디저트",999+,서울 광진구 능동로 153,"['디저트가 맛있어요', '특별한 메뉴가 있어요', '매장이 청결해요']",https://search.pstatic.net/common/?autoRotate=true&type=w560_sharpen&src=https%3A%2F%2Fldb-phinf.pstatic.net%2F20230708_94%2F16888063694620l0gX_JPEG%2FKakaoTalk_20230708_174937950_02.jpg,"['레옹', '호텔캘리포니아', '비포선셋', '호그와트 펌킨파이']"
아드프커피로스터스,카페,999+,서울 광진구 능동로3다길 1 1층/지하,"['커피가 맛있어요', '친절해요', '음료가 맛있어요']",https://search.pstatic.net/common/?autoRotate=true&type=w560_sharpen&src=https%3A%2F%2Fldb-phinf.pstatic.net%2F20230206_192%2F1675652301281of6Vj_JPEG%2FKakaoTalk_20230202_121442620.jpg,"['자양동크림라떼', '핸드드립', '햄치즈 크로스트', '커스터드푸딩']"
지나고나면,"카페,디저트",218,서울 광진구 천호대로127길 43 1층 지나고나면,"['디저트가 맛있어요', '커피가 맛있어요', '친절해요']",https://search.pstatic.net/common/?autoRotate=true&type=w560_sharpen&src=https%3A%2F%2Fldb-phinf.pstatic.net%2F20220222_178%2F1645520355641uOU3P_JPEG%2FIMG_2516.jpg,"['타르트 타탱', '밤 말차 토르테', '단호박 쑥 파운드케이크', '단호박쑥파운드 홀케이크']"
케익다방 건대점,"카페,디저트",841,서울 광진구 동일로20길 83 201호,"['친절해요', '인테리어가 멋져요', '디저트가 맛있어요']",https://search.pstatic.net/common/?autoRotate=true&type=w560_sharpen&src=https%3A%2F%2Fldb-phinf.pstatic.net%2F20210923_245%2F1632386088040y6RNz_JPEG%2F%25B4%25D9%25BF%25EE%25B7%25CE%25B5%25E5_%25282%2529.jpg,"['당일도시락케이크', '주문케이크', '오리둥둥케익', '사막의선인장케익']"
레브,"카페,디저트",353,서울 광진구 능동로15길 11 1층,"['디저트가 맛있어요', '커피가 맛있어요', '친절해요']",https://search.pstatic.net/common/?autoRotate=true&type=w560_sharpen&src=https%3A%2F%2Fldb-phinf.pstatic.net%2F20220428_31%2F1651109902595dKIXq_JPEG%2F1649664692938.jpg,"['황치즈 버터바', '아메리카노', '얼그레이 버터바', '바닐라 버터바']"
밀피,"카페,디저트",999+,서울 광진구 동일로22길 117-15,"['음료가 맛있어요', '디저트가 맛있어요', '커피가 맛있어요']",https://search.pstatic.net/common/?autoRotate=true&type=w560_sharpen&src=https%3A%2F%2Fldb-phinf.pstatic.net%2F20220710_242%2F16574539637337hX5D_JPEG%2FP1720889.,"['아이스크림 크로플', '로투스 크로플', '밀피소금라떼', '마시멜로초코라떼']"
로프커피,"카페,디저트",655,서울 광진구 동일로 304 1층 로프커피,"['커피가 맛있어요', '친절해요', '디저트가 맛있어요']",https://search.pstatic.net/common/?autoRotate=true&type=w560_sharpen&src=https%3A%2F%2Fldb-phinf.pstatic.net%2F20230820_188%2F1692518162097HxOzd_JPEG%2F20230820_164606.jpg,['아메리카노']
플레어 에스프레소 바,"카페,디저트",237,서울 광진구 아차산로32길 21 여유재 1층 플레어 에스프레소 바,"['커피가 맛있어요', '인테리어가 멋져요', '대화하기 좋아요']",https://search.pstatic.net/common/?autoRotate=true&type=w560_sharpen&src=https%3A%2F%2Fldb-phinf.pstatic.net%2F20231109_272%2F1699520030815h2qY5_JPEG%2FIMG_8415.jpeg,"['[패스오더전용] 100원 아메리카노', '에스프레소 콘파냐', '플레어 커피', '너티 크림 라떼']"
도쿄빙수 건대점,빙수,999+,서울 광진구 아차산로31길 45 101호 도쿄빙수,"['디저트가 맛있어요', '특별한 메뉴가 있어요', '친절해요']",https://search.pstatic.net/common/?autoRotate=true&type=w560_sharpen&src=https%3A%2F%2Fldb-phinf.pstatic.net%2F20170608_283%2F1496932477804tHPLt_JPEG%2F186558636455875_0.jpeg,"['애플망고빙수', '방울방울 토마토 빙수', '딸기마스카포네빙수(계절)', '부끄부끄 복숭아 빙수(계절)']"
키킥서울,"카페,디저트",88,서울 광진구 천호대로122길 22 1층,"['디저트가 맛있어요', '인테리어가 멋져요', '커피가 맛있어요']",https://search.pstatic.net/common/?autoRotate=true&type=w560_sharpen&src=https%3A%2F%2Fldb-phinf.pstatic.net%2F20231022_219%2F1697944874459v7jnX_JPEG%2FIMG_0244.jpg,"['키킥 시그니처', '미니 까눌레 1box(8개입)', '문경 사과 쥬스', '바닐라 미니 까눌레']"
크림베이글 건대점,베이글,669,서울 광진구 아차산로31길 20-4 1층,"['빵이 맛있어요', '친절해요', '인테리어가 멋져요']",https://search.pstatic.net/common/?autoRotate=true&type=w560_sharpen&src=https%3A%2F%2Fldb-phinf.pstatic.net%2F20230731_180%2F1690776832229kFGJd_JPEG%2FKakaoTalk_20230730_205532919_04.jpg,['플레인 베이글']
서울230,"카페,디저트",353,서울 광진구 군자로2길 4 1층,"['친절해요', '특별한 메뉴가 있어요', '대화하기 좋아요']",https://search.pstatic.net/common/?autoRotate=true&type=w560_sharpen&src=https%3A%2F%2Fldb-phinf.pstatic.net%2F20190301_232%2F1551447415231q4mHe_JPEG%2F0uY9B985pH6-D3yjwB2o_fCp.jpeg.jpg,"['히말라야 솔티라떼(Ice only)', '토마토 해산물 스튜 & 바게트', 'Coffee', '플라워 Tea']"
비밀 베이커리 군자점,베이커리,735,서울 광진구 능동로 268 101호 비밀 베이커리,"['빵이 맛있어요', '친절해요', '특별한 메뉴가 있어요']",https://search.pstatic.net/common/?autoRotate=true&type=w560_sharpen&src=https%3A%2F%2Fldb-phinf.pstatic.net%2F20220201_165%2F1643718415468aEYys_JPEG%2FKakaoTalk_20220201_212622658_04.jpg,"['잠봉뵈르 샌드위치', '소금빵', '비밀 샌드위치', '루꼴라 샌드위치']"
건대커피 랩,카페,999+,서울 광진구 동일로22길 102 2층,"['커피가 맛있어요', '친절해요', '음료가 맛있어요']",https://search.pstatic.net/common/?autoRotate=true&type=w560_sharpen&src=https%3A%2F%2Fldb-phinf.pstatic.net%2F20230104_211%2F16728263924739gQFx_JPEG%2F1672826167629.jpg,"['스페셜티 100% 아메리카노(기본 2샷)', '플랫화이트(세가지 맛)(기본 2샷)', '자몽석류로즈마리과일 Tea', '달콤크림 아인슈페너(기본 2샷)']"
엔제리너스커피 건대역점,카페,999+,서울 광진구 능동로 103,"['커피가 맛있어요', '음료가 맛있어요', '디저트가 맛있어요']",https://search.pstatic.net/common/?autoRotate=true&type=w560_sharpen&src=https%3A%2F%2Fldb-phinf.pstatic.net%2F20220905_13%2F16623678242693JsIs_JPEG%2F%25BF%25A3%25C1%25A9%25B7%25CE%25B0%25ED1.jpg,"['아메리카노', '오리지널 불고기 반미', '에그마요 반미', 'FRESH SANDWICH SET']"
옥루몽 어린이대공원점,카페,999+,서울 광진구 능동로 183,"['디저트가 맛있어요', '특별한 메뉴가 있어요', '친절해요']",https://search.pstatic.net/common/?autoRotate=true&type=w560_sharpen&src=https%3A%2F%2Fldb-phinf.pstatic.net%2F20230707_119%2F1688717696231xQKNb_JPEG%2F%25C1%25A6%25B8%25F1%25C0%25BB-%25C0%25D4%25B7%25C2%25C7%25D8%25C1%25D6%25BC%25BC%25BF%25E4_-001_%252830%2529.jpg,"['가마솥 전통팥빙수', '인절미 빙수', '흑미팥빵', '교토우지녹차빙수']"
그랜드 워커힐 서울 더파빌리온,카페,999+,서울 광진구 워커힐로 177 그랜드 워커힐 서울 1층 로비,"['디저트가 맛있어요', '친절해요', '특별한 메뉴가 있어요']",https://search.pstatic.net/common/?autoRotate=true&type=w560_sharpen&src=https%3A%2F%2Fldb-phinf.pstatic.net%2F20200427_10%2F1587969016245CR50X_JPEG%2F_G0A0536.jpg,"['파빌리온 브런치', 'Fall in Pavilion']"
오후의빵집,베이커리,526,서울 광진구 강변역로4길 56 광진해모로리버뷰상가 1층 5호,"['빵이 맛있어요', '친절해요', '특별한 메뉴가 있어요']",https://search.pstatic.net/common/?autoRotate=true&type=w560_sharpen&src=https%3A%2F%2Fldb-phinf.pstatic.net%2F20230514_204%2F16840374797968wE2A_JPEG%2F1684037430228.jpg,['소금빵']
에브리싱글세컨드,"카페,디저트",34,서울 광진구 면목로 67-4 1층,"['디저트가 맛있어요', '친절해요', '아늑해요']",https://search.pstatic.net/common/?autoRotate=true&type=w560_sharpen&src=https%3A%2F%2Fldb-phinf.pstatic.net%2F20231030_217%2F1698675707942iQfXK_JPEG%2FIMG_9986.jpeg,"['몽블랑', '애플 타르트', '진저 쿠키', '후르츠 쉬폰 산도']"
모이오,"카페,디저트",254,서울 광진구 자양로28길 36 1층 모이오,"['디저트가 맛있어요', '친절해요', '특별한 메뉴가 있어요']",https://search.pstatic.net/common/?autoRotate=true&type=w560_sharpen&src=https%3A%2F%2Fldb-phinf.pstatic.net%2F20231112_53%2F1699773707791fep2W_JPEG%2FF300E08E-1C20-44DA-AB95-85F41A7E4B55.jpeg,"['치즈케이크', '생크림케이크', '아메리카노', '카페라떼']"
라운드브릭,"카페,디저트",999+,서울 광진구 광장로 67 1층 라운드브릭,"['커피가 맛있어요', '친절해요', '디저트가 맛있어요']",https://search.pstatic.net/common/?autoRotate=true&type=w560_sharpen&src=https%3A%2F%2Fldb-phinf.pstatic.net%2F20211225_218%2F16403939454973dLaY_JPEG%2Fimage.jpg,"['아메리카노', '카페라떼', '아몬드 크림라떼', '소금빵']"
핀커피,"카페,디저트",448,서울 광진구 아차산로 413-6,"['커피가 맛있어요', '인테리어가 멋져요', '디저트가 맛있어요']",https://search.pstatic.net/common/?autoRotate=true&type=w560_sharpen&src=https%3A%2F%2Fldb-phinf.pstatic.net%2F20211230_260%2F164084556869137B8B_JPEG%2FCA65BF90-4FAC-4A7E-908E-1AC886ADDBF3.jpeg,['아메리카노']
화양그린,테마카페,174,서울 광진구 능동로16길 4-3 601호,"['뷰가 좋아요', '컨셉이 독특해요', '대화하기 좋아요']",https://search.pstatic.net/common/?autoRotate=true&type=w560_sharpen&src=https%3A%2F%2Fldb-phinf.pstatic.net%2F20221215_8%2F1671043013539nrpzB_JPEG%2FKakaoTalk_20221212_004519503_02.jpg,['Menu']
윤숲,"카페,디저트",806,"서울 광진구 긴고랑로20길 51 1층 101호(중곡동, 글램하우스 )","['디저트가 맛있어요', '친절해요', '특별한 메뉴가 있어요']",https://search.pstatic.net/common/?autoRotate=true&type=w560_sharpen&src=https%3A%2F%2Fnaverbooking-phinf.pstatic.net%2F20231128_27%2F1701133374224Ea1Lo_JPEG%2FKakaoTalk_20231128_095656958_26.jpg,"['딸기생크림케이크', '후르츠산도(다쿠아즈)', '쿠키들', '애플치즈 타탕']"
그리네,"카페,디저트",715,서울 광진구 동일로22길 117-7 1~2층 그리네,"['인테리어가 멋져요', '디저트가 맛있어요', '커피가 맛있어요']",https://search.pstatic.net/common/?autoRotate=true&type=w560_sharpen&src=https%3A%2F%2Fldb-phinf.pstatic.net%2F20211203_101%2F1638523419539KCpWr_JPEG%2Fmoodnight.jpg,"['[무료배달ㅇI벤트] 아메리카노', 'basque cheese cake 바스크 치즈 케이크', 'JMT쫀득쫜득 베이글2종+크림치즈2종 SET', '든든한 한끼 베이글 샌드위치+음료 세트']"
르빵프레,베이커리,999+,서울 광진구 긴고랑로13길 82 1층 르빵프레,"['빵이 맛있어요', '특별한 메뉴가 있어요', '친절해요']",https://search.pstatic.net/common/?autoRotate=true&type=w560_sharpen&src=https%3A%2F%2Fldb-phinf.pstatic.net%2F20190808_228%2F1565265508303FycTA_JPEG%2FfLWNl2kgHb6JjYsu8k0Sd2e8.jpg,"['앙버터 페스츄리', '밀푀유 페스츄리', '밤 페스츄리', '말차 큐브 페스츄리']"
환원당,"카페,디저트",999+,서울 광진구 능동로 166,"['디저트가 맛있어요', '인테리어가 멋져요', '커피가 맛있어요']",https://search.pstatic.net/common/?autoRotate=true&type=w560_sharpen&src=https%3A%2F%2Fldb-phinf.pstatic.net%2F20211205_122%2F1638631823692fUOGT_JPEG%2FDEB91157-8822-4EE4-A258-53A4E64D8C9F.jpeg,"['마카롱', '아메리카노', '카페라떼', '플랫 화이트']"
헤르츠커피로스팅,카페,763,서울 광진구 능동로 334,"['커피가 맛있어요', '인테리어가 멋져요', '음료가 맛있어요']",https://search.pstatic.net/common/?autoRotate=true&type=w560_sharpen&src=https%3A%2F%2Fldb-phinf.pstatic.net%2F20181127_90%2F1543282946994wcleB_JPEG%2F1T6L3wx-u7tfTvVNkRYJRA4R.jpeg.jpg,"['아메리카노', '아인슈페너', '카페라떼', '바닐라라떼']"
빛의라운지 워커힐지점,"카페,디저트",999+,서울 광진구 워커힐로 177 워커힐호텔 지하 1층,"['뷰가 좋아요', '커피가 맛있어요', '인테리어가 멋져요']",https://search.pstatic.net/common/?autoRotate=true&type=w560_sharpen&src=https%3A%2F%2Fldb-phinf.pstatic.net%2F20220625_281%2F1656141427876s9Bug_JPEG%2F01a.jpg,"['피치 클라우드', '무화과', '호지차 쇼콜라', '옥슈페너']"
카페롱,"카페,디저트",841,서울 광진구 광나루로 360 1층 카페롱,"['디저트가 맛있어요', '커피가 맛있어요', '음료가 맛있어요']",https://search.pstatic.net/common/?autoRotate=true&type=w560_sharpen&src=https%3A%2F%2Fldb-phinf.pstatic.net%2F20210509_64%2F1620521226625rwmvQ_JPEG%2FRiG5W-OafSLQVLmXt6NowMpy.jpg,"['아메리카노', '마카롱', '프레첼머랭', '머랭쿠키']"
빵익선,베이커리,97,서울 광진구 능동로 272 1층,"['빵이 맛있어요', '매장이 청결해요', '친절해요']",https://search.pstatic.net/common/?autoRotate=true&type=w560_sharpen&src=https%3A%2F%2Fldb-phinf.pstatic.net%2F20230817_12%2F16922636877015zGF4_JPEG%2F1000009672.jpg,['크로와상']
MouseRabbit,카페,909,서울 광진구 능동로11길 10,"['커피가 맛있어요', '인테리어가 멋져요', '음료가 맛있어요']",https://search.pstatic.net/common/?autoRotate=true&type=w560_sharpen&src=https%3A%2F%2Fldb-phinf.pstatic.net%2F20200702_120%2F1593688160710YuW6M_JPEG%2FVmOwEBZr6kBAvWrV2ctameA5.jpg,"['싸만코 스무디', '빙하 스무디', '아메리카노', '다방라떼']"
랑데자뷰 건대점,"카페,디저트",999+,서울 광진구 아차산로31길 3 랑데자뷰 건대,"['인테리어가 멋져요', '커피가 맛있어요', '음료가 맛있어요']",https://search.pstatic.net/common/?autoRotate=true&type=w560_sharpen&src=https%3A%2F%2Fldb-phinf.pstatic.net%2F20200624_168%2F1592981946705RddkB_JPEG%2FWb36NCc_bwxzoInR2mpJv2-U.jpg,"['레드용과 에이드', '샤인머스켓 에이드', '레드용과 블렌디드', '샤인머스켓 블렌디드']"
메종드타르트,베이커리,892,서울 광진구 자양로53길 69,"['빵이 맛있어요', '특별한 메뉴가 있어요', '친절해요']",https://search.pstatic.net/common/?autoRotate=true&type=w560_sharpen&src=https%3A%2F%2Fldb-phinf.pstatic.net%2F20190105_250%2F15466946179311jQDY_JPEG%2FkXqQ9JVH4tKjio3r-K8rFlTg.jpg,"['시즌과일', '레몬머랭', '하트타르트', '피칸']"
솔티드,"카페,디저트",465,서울 광진구 능동로32길 5 1층,"['디저트가 맛있어요', '커피가 맛있어요', '특별한 메뉴가 있어요']",https://search.pstatic.net/common/?autoRotate=true&type=w560_sharpen&src=https%3A%2F%2Fldb-phinf.pstatic.net%2F20190619_37%2F15609186733826SSFa_JPEG%2Fogn4GujygjWrn8kSyOzUz7Br.jpeg.jpg,"['펌킨파이', '정통 커스터드 푸딩', '아메리카노 Large', '카페라떼']"
자양다방,"카페,디저트",509,서울 광진구 자양로15길 100 자양다방,"['커피가 맛있어요', '가성비가 좋아요', '디저트가 맛있어요']",https://search.pstatic.net/common/?autoRotate=true&type=w560_sharpen&src=https%3A%2F%2Fldb-phinf.pstatic.net%2F20200120_27%2F1579514000995utLYk_JPEG%2F2RF9e4OD5VDQV0hrDBpZ9CJM.jpg,"['자양비엔나', 'Basque Chesecake', 'Coffee', '다방 쌍화차']"
카페드라이,"카페,디저트",850,서울 광진구 아차산로 216-12 1층,"['디저트가 맛있어요', '커피가 맛있어요', '음료가 맛있어요']",https://search.pstatic.net/common/?autoRotate=true&type=w560_sharpen&src=https%3A%2F%2Fldb-phinf.pstatic.net%2F20180730_170%2F1532946964361kfKpu_GIF%2FfEX0g7ZwnUieRb-CSrlzjWME.g,"['얼그레이갸또', '바나나푸딩', '까눌레', '휘낭시에']"
트웰브미닛,"카페,디저트",554,서울 광진구 아차산로33길 68 트웰브미닛,"['디저트가 맛있어요', '커피가 맛있어요', '음료가 맛있어요']",https://search.pstatic.net/common/?autoRotate=true&type=w560_sharpen&src=https%3A%2F%2Fldb-phinf.pstatic.net%2F20230614_222%2F1686707034120IVbKG_JPEG%2F12min_14-2.jpg,"['크루아상 샌드위치', '카이막 카다이프', '퀴니아망', '솔티드 밀크']"
그리네 본점,베이커리,860,서울 광진구 군자로 139 그리네,"['빵이 맛있어요', '커피가 맛있어요', '인테리어가 멋져요']",https://search.pstatic.net/common/?autoRotate=true&type=w560_sharpen&src=https%3A%2F%2Fldb-phinf.pstatic.net%2F20211203_53%2F1638520681482YPwzK_JPEG%2Ffixdream.jpg,"['[배달무료OI벤트] 아메리카노', '소금커피', '든든한 한끼 베이글 샌드위치+음료set', 'JMT 쫀득쫀득 베이글2종+크림치즈2종 set']"
탐앤탐스 탐스커버리 건대점,카페,999+,서울 광진구 아차산로 236,"['커피가 맛있어요', '음료가 맛있어요', '대화하기 좋아요']",https://search.pstatic.net/common/?autoRotate=true&type=w560_sharpen&src=https%3A%2F%2Fldb-phinf.pstatic.net%2F20190903_30%2F1567522789661ilrLT_JPEG%2F4M6kfJOvhtpCsLLQa9eoqtqR.jpg,"['디아블로 피자', '고르곤졸라 피자', '페퍼로니 프레즐', '고구마 프레즐']"
위클리베이글 어린이대공원역점,베이글,622,서울 광진구 능동로17길 10 시트린 1층 101호,"['빵이 맛있어요', '매장이 청결해요', '친절해요']",https://search.pstatic.net/common/?autoRotate=true&type=w560_sharpen&src=https%3A%2F%2Fldb-phinf.pstatic.net%2F20230307_263%2F1678165284833l1bTc_PNG%2F23030320985.png,"['생연어&어니언 샌드위치', '리코타 잠봉 샐러드', '플레인 베이글', '베이컨&쪽파 크림치즈']"
카페러슬,"카페,디저트",908,서울 광진구 자양로37길 63 3층,"['뷰가 좋아요', '커피가 맛있어요', '친절해요']",https://search.pstatic.net/common/?autoRotate=true&type=w560_sharpen&src=https%3A%2F%2Fldb-phinf.pstatic.net%2F20201111_128%2F1605086871816TJHoM_JPEG%2F98THb9SaxJdEE97688pir7qM.jpg,"['(배민best)할라피뇨 연어 베이글', '에그햄치즈 베이글', '할라피뇨쪽파 크림치즈 + 베이글', '흑임자우유 위드샷']"
냥토피아 카페앤샵,"카페,디저트",999+,서울 광진구 능동로 147-1 3층 냥토피아 카페앤샵,"['인테리어가 멋져요', '친절해요', '특별한 메뉴가 있어요']",https://search.pstatic.net/common/?autoRotate=true&type=w560_sharpen&src=https%3A%2F%2Fldb-phinf.pstatic.net%2F20231101_237%2F16988319809418HVBS_JPEG%2F2023-11-01_18_40_05.jpg,"['냥펀치라떼', '냥심쿵라떼', '메롱소다', '애옹라떼']"
레이지바잇,"카페,디저트",268,서울 광진구 능동로24길 50 1층,"['디저트가 맛있어요', '친절해요', '특별한 메뉴가 있어요']",https://search.pstatic.net/common/?autoRotate=true&type=w560_sharpen&src=https%3A%2F%2Fldb-phinf.pstatic.net%2F20220905_265%2F1662352664563mXuYv_JPEG%2FBD884BC0-0D16-40CB-941F-313FE8E3DF76.jpeg,"['마카롱 랜덤 6구 박스', '마카롱 랜덤 10구 박스', '바스크 치즈 케이크 (Best)', '버터바 (플레인)']"
쏘스윗 건대,"카페,디저트",194,서울 광진구 능동로13길 10-5 1층 쏘스윗 건대,"['디저트가 맛있어요', '친절해요', '가성비가 좋아요']",https://search.pstatic.net/common/?autoRotate=true&type=w560_sharpen&src=https%3A%2F%2Fldb-phinf.pstatic.net%2F20230413_192%2F1681378945810KzTvo_JPEG%2FKakaoTalk_20230402_164203697.jpg,"['도시락형 케이크', '박스형 케이크', '티아라 케이크', '곰돌이 케이크']"
카페호이 CAFEHO2,카페,756,서울 광진구 동일로20길 80,"['커피가 맛있어요', '디저트가 맛있어요', '친절해요']",https://search.pstatic.net/common/?autoRotate=true&type=w560_sharpen&src=https%3A%2F%2Fldb-phinf.pstatic.net%2F20170726_258%2F15010776732855bWxH_PNG%2F186676633133050_7.png,"['케롯케이크', '로투스크림라떼', '이태리티라미수', '바스크치즈케이크']"
프라이빗 플레이스,"카페,디저트",570,서울 광진구 능동로 280 1층 프라이빗 플레이스,"['커피가 맛있어요', '디저트가 맛있어요', '인테리어가 멋져요']",https://search.pstatic.net/common/?autoRotate=true&type=w560_sharpen&src=https%3A%2F%2Fvideo-phinf.pstatic.net%2F20231119_13%2F1700326462380BY70i_JPEG%2F0c02ad6e-8633-11ee-8ba9-d4f5ef5906a4_03.jpg,"['수제 휘낭시에(누네띠네)', '수제 커스터드 푸딩', '싱글오리진(핸드드립) 커피', '아메리카노']"
최콜릿,"카페,디저트",383,서울 광진구 아차산로26길 19,"['디저트가 맛있어요', '특별한 메뉴가 있어요', '친절해요']",https://search.pstatic.net/common/?autoRotate=true&type=w560_sharpen&src=https%3A%2F%2Fldb-phinf.pstatic.net%2F20230618_58%2F168707523619484c47_JPEG%2F%25B4%25EB%25C1%25F6_1-100.jpg,"['말차 브라우니', '밀크 브라우니', '카카오 57% 브라우니', '카카오 72% 브라우니']"
스타벅스 어린이대공원역점,카페,999+,서울 광진구 능동로 243,"['커피가 맛있어요', '음료가 맛있어요', '친절해요']",https://search.pstatic.net/common/?autoRotate=true&type=w560_sharpen&src=https%3A%2F%2Fldb-phinf.pstatic.net%2F20190828_93%2F1566953601239OT9MQ_PNG%2FxX7Wv642gXMoTI0DAv0hRymS.png,"['토피 넛 라떼', '토피 넛 팡도르', '별의 별 샌드위치', '스타벅스 딸기 라떼']"
일팔공일오,베이커리,789,서울 광진구 뚝섬로28길 4 1층,"['빵이 맛있어요', '친절해요', '특별한 메뉴가 있어요']",https://search.pstatic.net/common/?autoRotate=true&type=w560_sharpen&src=https%3A%2F%2Fldb-phinf.pstatic.net%2F20210513_201%2F1620868031923NzgSQ_JPEG%2F47O0p6f80v-MndX1ZSTZ44qx.jpg,"['플레인크로와상', '타르타르크로와상', '까눌레', '마들렌']"
허니크랙,"카페,디저트",226,서울 광진구 동일로22길 117-23 1층,"['디저트가 맛있어요', '친절해요', '인테리어가 멋져요']",https://search.pstatic.net/common/?autoRotate=true&type=w560_sharpen&src=https%3A%2F%2Fldb-phinf.pstatic.net%2F20230621_89%2F1687349262309K9me8_JPEG%2FAEAEDE5F-F61B-489C-89DD-A72CAE8B5CBC.jpeg,"['카이막', '치즈케이크 브륄레', '벌집 그릭요거트', '벌집빙수']"
연필,"카페,디저트",396,서울 광진구 면목로 12 1층 102호,"['커피가 맛있어요', '친절해요', '인테리어가 멋져요']",https://search.pstatic.net/common/?autoRotate=true&type=w560_sharpen&src=https%3A%2F%2Fldb-phinf.pstatic.net%2F20230212_231%2F1676154913718sctjy_JPEG%2FScreenshot_20230212_073124_Instagram.jpg,"['필터커피', '아메리카노', '라떼', '필 커피']"
열매제과점,베이커리,816,서울 광진구 동일로24길 31,"['빵이 맛있어요', '친절해요', '특별한 메뉴가 있어요']",https://search.pstatic.net/common/?autoRotate=true&type=w560_sharpen&src=https%3A%2F%2Fldb-phinf.pstatic.net%2F20210824_158%2F16298100390652PYh0_JPEG%2FnfSJC8o8tM7Z61M6-BsI4JyZ.jpeg.jpg,"['말차라떼', '까눌레', '아메리카노', '단호박 파운드케이크']"
은지세,베이커리,377,서울 광진구 능동로41길 6 1층 은지세 디저트,"['친절해요', '특별한 메뉴가 있어요', '빵이 맛있어요']",https://search.pstatic.net/common/?autoRotate=true&type=w560_sharpen&src=https%3A%2F%2Fldb-phinf.pstatic.net%2F20220211_229%2F1644547955216wbxje_JPEG%2FKakaoTalk_Photo_2022-02-11-11-39-08.jpeg,"['다쿠아즈 Dacquoise', '다쿠아즈 케이크 Mini cake', '마들렌 Madeleine', '마카롱 Macaron']"
면곡당 중곡점,"카페,디저트",575,서울 광진구 면목로17길 24 1층 면곡당 중곡점,"['커피가 맛있어요', '디저트가 맛있어요', '친절해요']",https://search.pstatic.net/common/?autoRotate=true&type=w560_sharpen&src=https%3A%2F%2Fldb-phinf.pstatic.net%2F20230711_234%2F1689067950625CUddM_JPEG%2F%2528%25BA%25B8%25C1%25A4%2529%25BD%25C3%25B1%25D7%25B4%25CF%25C3%25B3_%25C0%25BD%25B7%25E13%25C1%25BE.jpg,"['(중곡점)라떼5', '(중곡점)우리집(1등)면곡 밀크티', '(중곡점)크림치즈', '(중곡점)고소한 더블라떼(기본)']"
정원들,"카페,디저트",770,서울 광진구 뚝섬로26길 46 1층,"['친절해요', '인테리어가 멋져요', '음료가 맛있어요']",https://search.pstatic.net/common/?autoRotate=true&type=w560_sharpen&src=https%3A%2F%2Fvideo-phinf.pstatic.net%2F20231019_121%2F1697708174327O8cvF_JPEG%2Fea197022-6e62-11ee-97c6-505dac8c385b_03.jpg,"['꾸덕한 치즈 정원', '파르페 정원', '와인', '새콤달콤 그릭 정원']"
그로퍼,카페,287,서울 광진구 자양로22길 79 1층 101호 그로퍼,"['인테리어가 멋져요', '커피가 맛있어요', '친절해요']",https://search.pstatic.net/common/?autoRotate=true&type=w560_sharpen&src=https%3A%2F%2Fldb-phinf.pstatic.net%2F20230320_216%2F1679312232467sCgHQ_JPEG%2F_IMG5410_%25BA%25B8%25C1%25A4%25BF%25CF%25B7%25E1_%25BA%25B9%25BB%25E7.jpg,"['크래프트 콜라', '선셋소다', '미니 슈톨렌(Stollen)', '제로슈가 초코라떼']"
퍼비커피,"카페,디저트",146,서울 광진구 능동로13길 101 1층 퍼비커피,"['커피가 맛있어요', '인테리어가 멋져요', '친절해요']",https://search.pstatic.net/common/?autoRotate=true&type=w560_sharpen&src=https%3A%2F%2Fldb-phinf.pstatic.net%2F20230814_49%2F1691952997904G95E7_JPEG%2FIMG_0305.jpg,"['아메리카노', '카페라떼', '카푸치노', '플랫화이트']"
애드앤드,"카페,디저트",533,서울 광진구 광나루로26길 28 1층,"['인테리어가 멋져요', '디저트가 맛있어요', '친절해요']",https://search.pstatic.net/common/?autoRotate=true&type=w560_sharpen&src=https%3A%2F%2Fldb-phinf.pstatic.net%2F20191227_51%2F1577429419684aMFQN_JPEG%2FdIjOkqzc9joqf6oM5gYoVk_1.jpeg.jpg,"['아메리카노', '플랫 화이트', '헤이즐넛 아메리카노', '바닐라라떼']"
그래그릭,"카페,디저트",498,서울 광진구 능동로 324-1 1층 104호 GRAGREEK,"['디저트가 맛있어요', '특별한 메뉴가 있어요', '음식이 맛있어요']",https://search.pstatic.net/common/?autoRotate=true&type=w560_sharpen&src=https%3A%2F%2Fldb-phinf.pstatic.net%2F20221022_141%2F16664170171796NYp4_JPEG%2F20220404_160759.jpg,"['닐바나(블루베리 수급불가시 샤인머스켓으로 제공)', '[NEW] 쪽파베이베(쪽파베이컨베이글))', '[한정판매] 카이막브레드', '플레인 그릭요거트']"
카페구오,"카페,디저트",263,서울 광진구 동일로56길 60 1층,"['커피가 맛있어요', '디저트가 맛있어요', '친절해요']",https://search.pstatic.net/common/?autoRotate=true&type=w560_sharpen&src=https%3A%2F%2Fldb-phinf.pstatic.net%2F20221020_158%2F1666233494884vnSr9_JPEG%2FKakaoTalk_Photo_2022-10-20-11-37-53_001.jpeg,"['브라운치즈 크로플', '아이스크림 크로플', '구오라떼', '아인슈페너']"
북카페세모 건대점,"카페,디저트",999+,"서울 광진구 아차산로31길 20 2층, 3층","['음료가 맛있어요', '커피가 맛있어요', '집중하기 좋아요']",https://search.pstatic.net/common/?autoRotate=true&type=w560_sharpen&src=https%3A%2F%2Fldb-phinf.pstatic.net%2F20190617_49%2F1560711662890fFsdy_JPEG%2FFQW903ql-EzmTNflkL7MRJY8.jpg,"['(시그니처) 녹차아인슈페너', '(시그니처) 우주를 줄게', '게이샤 아메리카노(에피오피아/케냐)', '오늘의 와인']"
띵똥와플 건국대점,와플,701,서울 광진구 능동로13길 10,"['디저트가 맛있어요', '가성비가 좋아요', '친절해요']",https://search.pstatic.net/common/?autoRotate=true&type=w560_sharpen&src=https%3A%2F%2Fldb-phinf.pstatic.net%2F20190828_230%2F1567001004391LoYD0_JPEG%2FfKU5SU4DK2bGQzm-8651IjIL.jpg,"['플레인와플 요거트아이스크림+사과잼', '플레인와플(생크림+사과잼/딸기잼/초코시럽/카라멜시럽)', '오레오요거트아이스크림', '크런치와플 버터']"
지속,"카페,디저트",592,서울 광진구 동일로20길 20 1층 지속,"['인테리어가 멋져요', '커피가 맛있어요', '매장이 청결해요']",https://search.pstatic.net/common/?autoRotate=true&type=w560_sharpen&src=https%3A%2F%2Fldb-phinf.pstatic.net%2F20200711_50%2F1594461553560phSlf_JPEG%2F3AMduYssu22WUDQmMSQrbv6A.jpg,"['코코화이트 (VG)', '브라우니 4종 (VG)', '고구마라떼 (시즌)', '아메리카노']"
최가커피회관,"카페,디저트",545,서울 광진구 능동로13길 30 지층,"['커피가 맛있어요', '디저트가 맛있어요', '인테리어가 멋져요']",https://search.pstatic.net/common/?autoRotate=true&type=w560_sharpen&src=https%3A%2F%2Fldb-phinf.pstatic.net%2F20190729_122%2F1564374161465IKD0n_JPEG%2F8cavYAfCcdGo8Lr8pni3NfbM.jpeg.jpg,"['라테', '스카치비엔나', '모카비엔나(카페모카)', '비엔나']"
탐앤탐스 블랙그레이트점,카페,999+,서울 광진구 아차산로 426,"['커피가 맛있어요', '좌석이 편해요', '매장이 청결해요']",https://search.pstatic.net/common/?autoRotate=true&type=w560_sharpen&src=https%3A%2F%2Fldb-phinf.pstatic.net%2F20210414_101%2F1618378572672mFQpo_JPEG%2FqMtEQxFnAia4DHO7TEY6Qmrm.jpg,"['석류 콜라겐 요거트 스무디', '콜라겐 요거트 스무디', '마시는요거트(블루베리)', '카페 아메리카노']"
로쿠커피,"카페,디저트",335,서울 광진구 군자로15길 14 1층 로쿠커피,"['커피가 맛있어요', '친절해요', '음료가 맛있어요']",https://search.pstatic.net/common/?autoRotate=true&type=w560_sharpen&src=https%3A%2F%2Fldb-phinf.pstatic.net%2F20231031_128%2F1698756274920vTqKT_JPEG%2FF7680F0F-B01A-43DE-B579-8D282E49D155-80350-00001025BD9F6181.jpeg,"['필터커피', '수제 바닐라 라떼', '위켄드 라떼', '위켄드라떼']"
daughter,브런치,999+,서울 광진구 아차산로31길 40 1층,"['음식이 맛있어요', '인테리어가 멋져요', '친절해요']",https://search.pstatic.net/common/?autoRotate=true&type=w560_sharpen&src=https%3A%2F%2Fldb-phinf.pstatic.net%2F20230804_115%2F1691078077245e2Iil_JPEG%2FIMG_7486.,"['시리얼 프렌치 토스트 브리오슈', '크림 브륄레 프렌치토스트 브리오슈', '부라타 프렌치 토스트 브리오슈', '에그인헬']"
아에드,"카페,디저트",163,서울 광진구 능동로44길 13 1층 코너,"['디저트가 맛있어요', '친절해요', '특별한 메뉴가 있어요']",https://search.pstatic.net/common/?autoRotate=true&type=w560_sharpen&src=https%3A%2F%2Fldb-phinf.pstatic.net%2F20231106_119%2F1699253855815nxIMR_JPEG%2FIMG_3152.jpeg,"['계절 아이스크림', '거창한배', '몽블랑', '너티타르트']"
옴브르,"카페,디저트",990,서울 광진구 동일로20길 64 지하1층,"['인테리어가 멋져요', '디저트가 맛있어요', '커피가 맛있어요']",https://search.pstatic.net/common/?autoRotate=true&type=w560_sharpen&src=https%3A%2F%2Fldb-phinf.pstatic.net%2F20230524_118%2F1684903596253B45e0_JPEG%2FKakaoTalk_20230524_134552460_01.jpg,"['히비스커스', '밀크티', '우유버터바', '얼그레이버터바']"
꼬메노,카페,678,서울 광진구 군자로7길 29 1층 카페꼬메노,"['커피가 맛있어요', '인테리어가 멋져요', '친절해요']",https://search.pstatic.net/common/?autoRotate=true&type=w560_sharpen&src=https%3A%2F%2Fvideo-phinf.pstatic.net%2F20231107_127%2F16993136497681qrHD_JPEG%2Ff5625988-7cfc-11ee-9416-48df379cca40_03.jpg,"['에스프레소 / 아메리카노', '카페라떼', '바닐라라떼/헤이즐넛라떼/샤커레또', '생과일에이드:오렌지/레몬/자몽']"
르와지르,"카페,디저트",233,서울 광진구 능동로 179 B1층,"['디저트가 맛있어요', '특별한 메뉴가 있어요', '친절해요']",https://search.pstatic.net/common/?autoRotate=true&type=w560_sharpen&src=https%3A%2F%2Fldb-phinf.pstatic.net%2F20230312_179%2F1678632637803yw31j_JPEG%2FScreenshot_20230302-202905_QuickPic.jpg,"['얼그레이', '바닐라', '무화과', '잔두야']"
은비스브레드 건국대,베이커리,385,서울 광진구 능동로 69 자양호반써밋 상가동 118호 은비스브레드,"['빵이 맛있어요', '특별한 메뉴가 있어요', '친절해요']",https://search.pstatic.net/common/?autoRotate=true&type=w560_sharpen&src=https%3A%2F%2Fldb-phinf.pstatic.net%2F20230210_266%2F16760089865053qqmD_JPEG%2FKakaoTalk_20220106_193751258_03.jpg,"['[berry season] 생딸기그릭요거트 케이콘', '시오사토 스콘', '솔티바닐라 케이콘', '[fall season] 보늬밤, 쑥 케이콘']"
봄희커피,"카페,디저트",370,서울 광진구 면목로16길 4 1층 봄희커피,"['커피가 맛있어요', '친절해요', '디저트가 맛있어요']",https://search.pstatic.net/common/?autoRotate=true&type=w560_sharpen&src=https%3A%2F%2Fldb-phinf.pstatic.net%2F20230424_41%2F1682326209942Mk1o4_JPEG%2FIMG_2859.jpeg,"['핸드드립', '아메리카노', '플랫화이트', '카페라떼']"
레스트인무드,"카페,디저트",333,서울 광진구 천호대로134길 31 1층 카페 레스트인무드,"['디저트가 맛있어요', '친절해요', '커피가 맛있어요']",https://search.pstatic.net/common/?autoRotate=true&type=w560_sharpen&src=https%3A%2F%2Fldb-phinf.pstatic.net%2F20221119_166%2F1668868703101PR1TY_JPEG%2F9804CCF8-6518-42C4-B76F-E9F974199DFF.jpeg,"['아메리카노', '카페라떼', '오틀리라떼', '바닐라라떼']"
토끼의시골집,"카페,디저트",217,서울 광진구 뚝섬로46길 39 1층,"['인테리어가 멋져요', '디저트가 맛있어요', '친절해요']",https://search.pstatic.net/common/?autoRotate=true&type=w560_sharpen&src=https%3A%2F%2Fldb-phinf.pstatic.net%2F20221008_243%2F1665161445056utGYh_JPEG%2F1665115190368-23.jpg,"['여유로운티타임', '가벼운티타임', '가벼운커피타임']"
초초하우스,베이커리,172,서울 광진구 동일로28길 48 모아빌 1층,"['친절해요', '빵이 맛있어요', '특별한 메뉴가 있어요']",https://search.pstatic.net/common/?autoRotate=true&type=w560_sharpen&src=https%3A%2F%2Fldb-phinf.pstatic.net%2F20220520_53%2F1652982088334dqDwT_PNG%2F225A5743-4A1F-4192-9FAF-1D28BA997409.png,"['아메리카노', '토이박스(도시락케이크)']"
레스또 커피,"카페,디저트",218,서울 광진구 군자로6길 50-5 1층 레스또 커피,"['커피가 맛있어요', '친절해요', '인테리어가 멋져요']",https://search.pstatic.net/common/?autoRotate=true&type=w560_sharpen&src=https%3A%2F%2Fldb-phinf.pstatic.net%2F20231121_181%2F1700560085082hSTNc_JPEG%2FKakaoTalk_20231121_184617590_07.jpg,"['아메리카노_스페셜 블렌드 21g', '바닐라 라떼', '크림라떼(ICE ONLY)', '크림딸기라떼(ICE ONLY)']"
고망고 건대점,"과일,주스전문점",999+,서울 광진구 아차산로30길 8 1층,"['음료가 맛있어요', '가성비가 좋아요', '친절해요']",https://search.pstatic.net/common/?autoRotate=true&type=w560_sharpen&src=https%3A%2F%2Fldb-phinf.pstatic.net%2F20200521_198%2F1590025620346PGhhl_JPEG%2FDbWFrG1dVUFxUjLvr1d72fIE.jpg,"['망고 코코넛', '식후땡 망고', '망고쥬스', '1리터 망고']"
투썸플레이스 건대스타시티,카페,999+,서울 광진구 능동로 90 더클래식500 1층,"['커피가 맛있어요', '디저트가 맛있어요', '음료가 맛있어요']",https://search.pstatic.net/common/?autoRotate=true&type=w560_sharpen&src=https%3A%2F%2Fldb-phinf.pstatic.net%2F20200309_190%2F1583710609954UNeSY_JPEG%2FoaFYkKWZJxZG66SATrJoD49N.jpeg.jpg,"['아메리카노', '롱블랙', '아이스크림 카페라떼', '에스프레소']"
스타벅스 군자역점,카페,999+,서울 광진구 천호대로 548,"['커피가 맛있어요', '친절해요', '음료가 맛있어요']",https://search.pstatic.net/common/?autoRotate=true&type=w560_sharpen&src=https%3A%2F%2Fldb-phinf.pstatic.net%2F20190828_93%2F1566953601239OT9MQ_PNG%2FxX7Wv642gXMoTI0DAv0hRymS.png,"['토피 넛 라떼', '토피 넛 팡도르', '별의 별 샌드위치', '스타벅스 딸기 라떼']"
카페온더플랜 건대점,"카페,디저트",868,서울 광진구 능동로 161 1층 카페온더플랜 건대점,"['커피가 맛있어요', '집중하기 좋아요', '대화하기 좋아요']",https://search.pstatic.net/common/?autoRotate=true&type=w560_sharpen&src=https%3A%2F%2Fldb-phinf.pstatic.net%2F20210325_300%2F16166655674480HrW9_JPEG%2FdnrWrpgY-a7lpYbGTFMZt3sv.jpg,"['에스프레소 솔로솔로', '레드베리 아이스티', '아메리카노']"
뺑드미,베이커리,999+,서울 광진구 영화사로 45,"['빵이 맛있어요', '친절해요', '매장이 청결해요']",https://search.pstatic.net/common/?autoRotate=true&type=w560_sharpen&src=https%3A%2F%2Fldb-phinf.pstatic.net%2F20170328_198%2F1490679351229Gzf9W_PNG%2F186277527866938_0.png,"['우유식빵', '크루아상', '뺑오쇼콜라', '이나까']"
포스트커피,"카페,디저트",58,서울 광진구 동일로72길 28 1층,"['커피가 맛있어요', '친절해요', '음료가 맛있어요']",https://search.pstatic.net/common/?autoRotate=true&type=w560_sharpen&src=https%3A%2F%2Fldb-phinf.pstatic.net%2F20221202_258%2F166996238654077zlL_JPEG%2FKakaoTalk_20221202_143650217_01.jpg,['크림커피']
딩딩빵,베이커리,656,서울 광진구 능동로32길 51 1층,"['빵이 맛있어요', '친절해요', '특별한 메뉴가 있어요']",https://search.pstatic.net/common/?autoRotate=true&type=w560_sharpen&src=https%3A%2F%2Fldb-phinf.pstatic.net%2F20230321_38%2F16793682612148gJV6_JPEG%2FFC41A5AC-6254-4B4D-8D75-22ECC14561CF.jpeg,"['레몬 케이크', '쑥찹쌀케이크', '홀케이크예약', '올리브쌀치아바타']"
메종 드 프레지에,"카페,디저트",238,서울 광진구 구의강변로 86 105호,"['디저트가 맛있어요', '친절해요', '커피가 맛있어요']",https://search.pstatic.net/common/?autoRotate=true&type=w560_sharpen&src=https%3A%2F%2Fldb-phinf.pstatic.net%2F20221106_6%2F1667731427926e9cAr_JPEG%2FIMG_6709.,"['딸기 프레지에 2호', '딸기 프레지에 1호', '딸기 프레지에 미니(홀)', '초코 딸기 프레지에 2호']"
카페박동,"카페,디저트",157,서울 광진구 광나루로 341 1층 105호,"['디저트가 맛있어요', '커피가 맛있어요', '친절해요']",https://search.pstatic.net/common/?autoRotate=true&type=w560_sharpen&src=https%3A%2F%2Fldb-phinf.pstatic.net%2F20230607_38%2F1686116174846et44w_JPEG%2FKakaoTalk_20230607_143538710_02.jpg,"['[패스오더전용] 100원 아메리카노', '흑임자 티그레', '약과 버터바', '티그레']"
설빙 세종대점,빙수,999+,서울 광진구 광나루로 382 2층,"['디저트가 맛있어요', '매장이 청결해요', '좌석이 편해요']",https://search.pstatic.net/common/?autoRotate=true&type=w560_sharpen&src=https%3A%2F%2Fldb-phinf.pstatic.net%2F20200612_100%2F1591932355806qiKoy_JPEG%2F9XyVkxZmE63DbdXfUdHzozRE.jpg,"['인절미 설빙', '블루베리치즈설빙']"
스타벅스 건국대점,카페,999+,서울 광진구 능동로 117,"['커피가 맛있어요', '음료가 맛있어요', '친절해요']",https://search.pstatic.net/common/?autoRotate=true&type=w560_sharpen&src=https%3A%2F%2Fldb-phinf.pstatic.net%2F20190828_93%2F1566953601239OT9MQ_PNG%2FxX7Wv642gXMoTI0DAv0hRymS.png,"['카페 아메리카노', '카페 라떼', '토피 넛 라떼', '토피 넛 팡도르']"
짐스하이드어웨이,"카페,디저트",138,서울 광진구 군자로 162 1층,"['커피가 맛있어요', '음료가 맛있어요', '인테리어가 멋져요']",https://search.pstatic.net/common/?autoRotate=true&type=w560_sharpen&src=https%3A%2F%2Fldb-phinf.pstatic.net%2F20221022_226%2F1666422037143dCC6m_PNG%2F%25C1%25FC%25BD%25BA%25B7%25CE%25B0%25ED.png,"['베이컨 소세지 오픈샌드위치', '잠봉 루꼴라 오픈샌드위치', '짐스 플레터', '햄치즈토스트']"
카페704호,"카페,디저트",362,서울 광진구 아차산로41길 44 서경빌딩 1층,"['커피가 맛있어요', '친절해요', '디저트가 맛있어요']",https://search.pstatic.net/common/?autoRotate=true&type=w560_sharpen&src=https%3A%2F%2Fldb-phinf.pstatic.net%2F20230310_46%2F1678431782818zbC7C_JPEG%2FIMG_8163.jpg,"['전기뱀장어', '크로플', '바나나푸딩', '드립']"
헬로트랜서퍼,"카페,디저트",455,서울 광진구 능동로38길 38 1층 101호,"['디저트가 맛있어요', '친절해요', '특별한 메뉴가 있어요']",https://search.pstatic.net/common/?autoRotate=true&type=w560_sharpen&src=https%3A%2F%2Fldb-phinf.pstatic.net%2F20231008_239%2F1696762493485Dgduw_JPEG%2F0765F50D-5A7A-4240-A9D8-88B4563402AD.jpeg,"['블루땡큐베리 거북이슈', '초코나무숲에사는거북이슈', '꼬북슈 아포카토', '꼬북이 사브레쿠키']"
오에이오 서울,베이커리,267,서울 광진구 아차산로38길 7 1층,"['빵이 맛있어요', '친절해요', '커피가 맛있어요']",https://search.pstatic.net/common/?autoRotate=true&type=w560_sharpen&src=https%3A%2F%2Fldb-phinf.pstatic.net%2F20230222_85%2F1676998415024eDxTG_JPEG%2F7ECC7F81-B204-4C94-8BFD-1C5604DB09D2.jpeg,"['르뱅쿠키', '100% 천연발효(사과종)캄파뉴Mix', '찢어먹는 생식빵', '잠봉뵈르 샌드위치']"
어나더쏭,"카페,디저트",233,서울 광진구 능동로 265 <주차공간은 따로 없습니다>,"['디저트가 맛있어요', '커피가 맛있어요', '친절해요']",https://search.pstatic.net/common/?autoRotate=true&type=w560_sharpen&src=https%3A%2F%2Fldb-phinf.pstatic.net%2F20220604_163%2F1654277509626SG4mg_JPEG%2F10F46E4E-B3C8-4DF2-90D8-D8D0F8791A80.jpeg,"['얼그레이 쉬폰(생크림,크럼블 추가는 옵션에 있어요)', '쑥케이크(유기농 국산쑥)(크럼블 추가는 옵션에 있어요)', '스타시티, 갤러리아포레, 한림타워 손님은 추가 해주세요', '쿠키 선물세트(쿠키 6개부터)(상자+리본포장)']"
카페구들,"카페,디저트",299,서울 광진구 자양번영로3길 4 1층,"['커피가 맛있어요', '친절해요', '음료가 맛있어요']",https://search.pstatic.net/common/?autoRotate=true&type=w560_sharpen&src=https%3A%2F%2Fldb-phinf.pstatic.net%2F20230221_58%2F1676989561916KbWgg_PNG%2F%25B1%25B8%25B5%25E9_%25BD%25BA%25C6%25BC%25C4%25BF_%25C8%25AD%25C0%25CC%25C6%25AE_%25B7%25CE%25B0%25ED.png,"['모든커피메뉴 디카페인 원두 변경', '락토프리 비건우유 우유변경', '구들커피', '황구라떼']"
더빈마켓,베이커리,904,서울 광진구 천호대로 589 1층,"['커피가 맛있어요', '빵이 맛있어요', '친절해요']",https://search.pstatic.net/common/?autoRotate=true&type=w560_sharpen&src=https%3A%2F%2Fldb-phinf.pstatic.net%2F20191014_244%2F1571053246175if5pI_JPEG%2FAJj_OB8nPUkfxp9TdtQQZwrn.jpg,"['아메리카노', '카페라떼', '리스트레또 바닐라라떼', '디카페인 아메리카노']"
티문도,차,122,서울 광진구 구의강변로 51 102호 티문도(TEA MUNDO),"['차가 맛있어요', '친절해요', '특별한 메뉴가 있어요']",https://search.pstatic.net/common/?autoRotate=true&type=w560_sharpen&src=https%3A%2F%2Fldb-phinf.pstatic.net%2F20220426_28%2F16509529193620fApP_JPEG%2FKakaoTalk_20220426_150001822_07.jpg,"['고급전홍', '금훤오룡(밀키우롱)', '운남대엽홍차']"
카페 매니플리즈,"카페,디저트",294,서울 광진구 능동로32길 60 1층,"['커피가 맛있어요', '디저트가 맛있어요', '친절해요']",https://search.pstatic.net/common/?autoRotate=true&type=w560_sharpen&src=https%3A%2F%2Fldb-phinf.pstatic.net%2F20230603_259%2F1685788916867VrifO_JPEG%2FKakaoTalk_20230410_172539212_04.jpg,"['바스크치즈케이크', '카이막+바게트5P', '브라운커피[시그니처](COLD)', '라떼슈페너(HOT)']"
수완카페앤베이커리,"카페,디저트",999+,서울 광진구 아차산로30길 39 1층 SuWan Cafe&Bakery,"['디저트가 맛있어요', '매장이 청결해요', '커피가 맛있어요']",https://search.pstatic.net/common/?autoRotate=true&type=w560_sharpen&src=https%3A%2F%2Fldb-phinf.pstatic.net%2F20211126_265%2F1637927325419D8sUT_JPEG%2F20211126_204634.jpg,"['생딸기듬뿍홀케이크', '라즈베리 스콘', '아몬드크림라떼', '약과휘낭시에']"
파드,"카페,디저트",207,서울 광진구 뚝섬로22가길 60 PFAD,"['디저트가 맛있어요', '친절해요', '인테리어가 멋져요']",https://search.pstatic.net/common/?autoRotate=true&type=w560_sharpen&src=https%3A%2F%2Fldb-phinf.pstatic.net%2F20221108_190%2F1667895914583HLI5I_JPEG%2FScreenshot_20221108_172507.jpg,"['파드 케이크 (가을 한정)', '구겔호프 쌀케이크', '쌀 에그타르트', '파드 케이크 (겨울 한정)']"
스타벅스 광나루점,카페,999+,서울 광진구 아차산로 607,"['커피가 맛있어요', '친절해요', '음료가 맛있어요']",https://search.pstatic.net/common/?autoRotate=true&type=w560_sharpen&src=https%3A%2F%2Fldb-phinf.pstatic.net%2F20190828_93%2F1566953601239OT9MQ_PNG%2FxX7Wv642gXMoTI0DAv0hRymS.png,"['토피 넛 라떼', '토피 넛 팡도르', '별의 별 샌드위치', '스타벅스 딸기 라떼']"
스타벅스 건국클래식점,카페,999+,서울 광진구 능동로 92,"['커피가 맛있어요', '친절해요', '음료가 맛있어요']",https://search.pstatic.net/common/?autoRotate=true&type=w560_sharpen&src=https%3A%2F%2Fldb-phinf.pstatic.net%2F20190828_93%2F1566953601239OT9MQ_PNG%2FxX7Wv642gXMoTI0DAv0hRymS.png,"['토피 넛 라떼', '토피 넛 팡도르', '별의 별 샌드위치', '스타벅스 딸기 라떼']"
한스 광진점,카페,999+,서울 광진구 광나루로 608 1층,"['디저트가 맛있어요', '커피가 맛있어요', '매장이 청결해요']",https://search.pstatic.net/common/?autoRotate=true&type=w560_sharpen&src=https%3A%2F%2Fldb-phinf.pstatic.net%2F20200214_171%2F1581656672203lFpul_JPEG%2FxnJ6VAKnxxWeDoyJwhE7RPWe.jpg,"['사각산딸기가나슈(소)', '가나슈초콜릿(소)', '산딸기치즈(소)', '티라미스(소)']"
로이베이커리카페,베이커리,999+,서울 광진구 능동로 36,"['빵이 맛있어요', '친절해요', '커피가 맛있어요']",https://search.pstatic.net/common/?autoRotate=true&type=w560_sharpen&src=https%3A%2F%2Fldb-phinf.pstatic.net%2F20181130_29%2F1543556954555xR4CS_JPEG%2FUKUIklqzMCp9_UntmFYr7Rsz.jpeg.jpg,"['로이식빵', '스콘', '아메리카노', '바닐라라떼']"
뺑드램,베이커리,628,서울 광진구 뚝섬로 599 1층,"['빵이 맛있어요', '친절해요', '특별한 메뉴가 있어요']",https://search.pstatic.net/common/?autoRotate=true&type=w560_sharpen&src=https%3A%2F%2Fldb-phinf.pstatic.net%2F20230820_56%2F16925377857340LqC7_JPEG%2Fbeauty_20230820095927.jpg,"['생복숭아 케이크', '호밀만 가득 담은 캄파뉴', '팥캄파뉴', '100%통밀,잡곡빵']"
밀도 광장동점,밀도,999+,서울 광진구 광나루로 619 올스타마트 옆,"['빵이 맛있어요', '친절해요', '특별한 메뉴가 있어요']",https://search.pstatic.net/common/?autoRotate=true&type=w560_sharpen&src=https%3A%2F%2Fldb-phinf.pstatic.net%2F20210714_187%2F1626249850384y8K9J_JPEG%2FQtjAOWTVNIgEHXYQ6v569q76.jpg,"['허니러스크', '초코허니러스크', '큐브커스터드', '딸기잼']"
카페 오알피하우스,"카페,디저트",283,서울 광진구 능동로13길 44 2층,"['인테리어가 멋져요', '사진이 잘 나와요', '커피가 맛있어요']",https://search.pstatic.net/common/?autoRotate=true&type=w560_sharpen&src=https%3A%2F%2Fldb-phinf.pstatic.net%2F20220610_166%2F1654854632243yPPH8_JPEG%2FKakaoTalk_20220610_184918119.jpg,['아메리카노']
펄스커피,카페,140,서울 광진구 아차산로73길 48 1층,"['커피가 맛있어요', '친절해요', '음료가 맛있어요']",https://search.pstatic.net/common/?autoRotate=true&type=w560_sharpen&src=https%3A%2F%2Fldb-phinf.pstatic.net%2F20230609_270%2F1686295474852et0j9_JPEG%2F2B450C15-03C6-4C60-924F-774A21FFFC67.jpeg,"['에스프레소', '아메리카노', '카페라떼', '카푸치노']"
커피마켓,카페,999+,서울 광진구 아차산로33길 60,"['커피가 맛있어요', '인테리어가 멋져요', '대화하기 좋아요']",https://search.pstatic.net/common/?autoRotate=true&type=w560_sharpen&src=https%3A%2F%2Fldb-phinf.pstatic.net%2F20150831_289%2F1441026522074bHUHi_JPEG%2FSUBMIT_1306507192914_11713252.jpg,['아메리카노']
스타벅스 구의DT점,카페,999+,서울 광진구 광나루로 519,"['커피가 맛있어요', '친절해요', '음료가 맛있어요']",https://search.pstatic.net/common/?autoRotate=true&type=w560_sharpen&src=https%3A%2F%2Fldb-phinf.pstatic.net%2F20190828_93%2F1566953601239OT9MQ_PNG%2FxX7Wv642gXMoTI0DAv0hRymS.png,"['토피 넛 라떼', '토피 넛 팡도르', '별의 별 샌드위치', '스타벅스 딸기 라떼']"
벨렘351 건대점,"카페,디저트",407,서울 광진구 능동로 119,"['디저트가 맛있어요', '커피가 맛있어요', '친절해요']",https://search.pstatic.net/common/?autoRotate=true&type=w560_sharpen&src=https%3A%2F%2Fldb-phinf.pstatic.net%2F20220120_168%2F1642653774903NaNDL_JPEG%2F2.jpg,"['전통 포르투갈 에그타르트', '아메리카노(Hot/Ice)', '카페라떼(Hot/Ice)', '바닐라라떼(Hot/Ice)']"
에그마카슈 건대점,"카페,디저트",277,서울 광진구 군자로 26 1층 102호,"['디저트가 맛있어요', '친절해요', '포장이 깔끔해요']",https://search.pstatic.net/common/?autoRotate=true&type=w560_sharpen&src=https%3A%2F%2Fldb-phinf.pstatic.net%2F20210507_219%2F1620350549258jGxck_JPEG%2F4853Wc0miGeVn8gjU-R6C4D0.jpg,"['에그타르트', '초코타르트', '견과류타르트', '고구마타르트']"
플라이팬커피,"카페,디저트",784,서울 광진구 능동로3길 14,"['커피가 맛있어요', '대화하기 좋아요', '음료가 맛있어요']",https://search.pstatic.net/common/?autoRotate=true&type=w560_sharpen&src=https%3A%2F%2Fldb-phinf.pstatic.net%2F20181204_223%2F1543855267605hLUIo_JPEG%2Fw7Gdzqbg9bM3_4zbWN_sihnA.jpg,"['아메리카노', '카페라떼', '씨솔트커피', '씨솔트 생딸기 라떼']"
오늘도내일도,"카페,디저트",461,서울 광진구 아차산로 403-6 1층 103호 오늘도내일도,"['디저트가 맛있어요', '친절해요', '커피가 맛있어요']",https://search.pstatic.net/common/?autoRotate=true&type=w560_sharpen&src=https%3A%2F%2Fldb-phinf.pstatic.net%2F20171115_287%2F1510754493404HjNDI_JPEG%2FbLqo4AqlMxha3KRAFWx-Xnj1.jpg,"['마카롱', '마카롱', '바닐라라떼', '헤이즐넛라떼']"
달콤왕가탕후루 구의점,"카페,디저트",20,서울 광진구 자양로 115 1층 102호,"['디저트가 맛있어요', '음식이 맛있어요', '친절해요']",https://search.pstatic.net/common/?autoRotate=true&type=w560_sharpen&src=https%3A%2F%2Fldb-phinf.pstatic.net%2F20231022_249%2F1697983156269GYKl4_JPEG%2FIMG_20231022_1.jpg,"['통~귤', '후르츠 믹스', '딸믹스', '애플포도']"
성북당 십원빵 건대스타시티점,"카페,디저트",999+,"서울 광진구 아차산로 272 더샵스타시티 F108-1, F108-2호","['디저트가 맛있어요', '특별한 메뉴가 있어요', '친절해요']",https://search.pstatic.net/common/?autoRotate=true&type=w560_sharpen&src=https%3A%2F%2Fldb-phinf.pstatic.net%2F20230713_155%2F1689226105672BJB94_JPEG%2FKakaoTalk_20230713_142727651_01.jpg,"['십원빵', '십원빵 세트(7ea)((7개))', '천혜향주스', '한라봉주스']"
슈브제,"카페,디저트",724,서울 광진구 아차산로31길 20-3 2.5층,"['디저트가 맛있어요', '음료가 맛있어요', '친절해요']",https://search.pstatic.net/common/?autoRotate=true&type=w560_sharpen&src=https%3A%2F%2Fldb-phinf.pstatic.net%2F20221028_288%2F1666951022746WD4Ww_JPEG%2FKakaoTalk_20221026_190522420.jpg,"['밤 에끌레어', '고구마 에끌레어', '옥수수 에끌레어', '마롱 파이']"
스테포스트,"카페,디저트",58,서울 광진구 긴고랑로4길 31 1층,"['커피가 맛있어요', '친절해요', '인테리어가 멋져요']",https://search.pstatic.net/common/?autoRotate=true&type=w560_sharpen&src=https%3A%2F%2Fldb-phinf.pstatic.net%2F20230518_41%2F168439192069992JDn_JPEG%2FKakaoTalk_20230518_153559152_11.jpg,"['무화과 크림치즈 크로와상', 'BRWON CAKE', 'SUPREME CRACKER', 'STEPOST BROWN']"
카페롬곡,카페,275,서울 광진구 광나루로17길 18 1층,"['디저트가 맛있어요', '커피가 맛있어요', '친절해요']",https://search.pstatic.net/common/?autoRotate=true&type=w560_sharpen&src=https%3A%2F%2Fldb-phinf.pstatic.net%2F20220402_38%2F1648840995756KK968_JPEG%2FF1DDD007-DAF6-47F8-A302-BC4CAA7C0611.jpeg,"['수제와플', '하겐다즈 빙수', '아메리카노']"
크로와상점 건대,베이커리,500,서울 광진구 능동로 123 1층 크로와상점,"['디저트가 맛있어요', '친절해요', '빵이 맛있어요']",https://search.pstatic.net/common/?autoRotate=true&type=w560_sharpen&src=https%3A%2F%2Fldb-phinf.pstatic.net%2F20221014_100%2F1665712983881xFC1e_JPEG%2F%25B8%25C5%25C0%25E5%25BB%25E7%25C1%25F8.jpg,"['플레인 크로플', '아메리카노', '까페라떼', '바닐라라떼']"
청주명문도너츠,베이커리,999+,서울 광진구 자양로 203 103호,"['빵이 맛있어요', '친절해요', '가성비가 좋아요']",https://search.pstatic.net/common/?autoRotate=true&type=w560_sharpen&src=https%3A%2F%2Fldb-phinf.pstatic.net%2F20190730_67%2F1564457774583dCJwY_JPEG%2FC378zyUrZ40Uzg3LLQFet51M.jpg,"['꽈배기 3개', '찹쌀도너츠 5개', '생도너츠 6개', '야채고로케 3개']"
커피랑도서관 세종대점,스터디카페,277,서울 광진구 능동로 179,"['집중하기 좋아요', '차분한 분위기에요', '친절해요']",https://search.pstatic.net/common/?autoRotate=true&type=w560_sharpen&src=https%3A%2F%2Fldb-phinf.pstatic.net%2F20200919_240%2F16004897738680XV7Q_JPEG%2FPqmsa9yg9EotnYmxuBW4tcBK.jpg,"['24시간 4주', '2시간(기본)', '기본(4주)', '기본(2주)']"
스타벅스 아차산역점,카페,999+,서울 광진구 천호대로 676,"['커피가 맛있어요', '친절해요', '음료가 맛있어요']",https://search.pstatic.net/common/?autoRotate=true&type=w560_sharpen&src=https%3A%2F%2Fldb-phinf.pstatic.net%2F20190828_93%2F1566953601239OT9MQ_PNG%2FxX7Wv642gXMoTI0DAv0hRymS.png,"['토피 넛 라떼', '토피 넛 팡도르', '별의 별 샌드위치', '스타벅스 딸기 라떼']"
달봉케이크,"카페,디저트",125,서울 광진구 자양로50길 8 1층,"['디저트가 맛있어요', '친절해요', '커피가 맛있어요']",https://search.pstatic.net/common/?autoRotate=true&type=w560_sharpen&src=https%3A%2F%2Fldb-phinf.pstatic.net%2F20231106_150%2F1699241267070ueyRq_JPEG%2Ftemp_file.jpg,"['자색고구마라떼', '아메리카노', '카페라떼', '녹차라떼']"
피그베이글,베이커리,91,서울 광진구 능동로 69 호반써밋자양 상가동 106호,"['빵이 맛있어요', '친절해요', '인테리어가 멋져요']",https://search.pstatic.net/common/?autoRotate=true&type=w560_sharpen&src=https%3A%2F%2Fldb-phinf.pstatic.net%2F20230930_67%2F1696058575328uU79T_JPEG%2FIMG_4217.jpeg,"['포테이토치즈', '대파크림치즈', '플레인', '할라피뇨피자']"
버글러커피 아차산,"카페,디저트",326,서울 광진구 천호대로127길 74 1층,"['커피가 맛있어요', '인테리어가 멋져요', '친절해요']",https://search.pstatic.net/common/?autoRotate=true&type=w560_sharpen&src=https%3A%2F%2Fldb-phinf.pstatic.net%2F20221205_9%2F1670220956162x3wVI_JPEG%2FCC048C4E-59CD-4575-A09F-C0DAECF0FD62.jpeg,"['Jazz_쳇베이커 & 빌에반스', '아인슈페너', '버글러커피', 'Jeju_단정한버글러']"
투썸플레이스 건대입구점,카페,999+,서울 광진구 능동로13길 5,"['디저트가 맛있어요', '커피가 맛있어요', '음료가 맛있어요']",https://search.pstatic.net/common/?autoRotate=true&type=w560_sharpen&src=https%3A%2F%2Fldb-phinf.pstatic.net%2F20201216_32%2F16081036106628ysBm_JPEG%2F7KUC9tWAzlzyqgzBs2Fahz1a.jpg,['아메리카노']
커피나인 건대,"카페,디저트",257,"서울 광진구 동일로18길 107 1층 107, 108. 109호","['커피가 맛있어요', '인테리어가 멋져요', '친절해요']",https://search.pstatic.net/common/?autoRotate=true&type=w560_sharpen&src=https%3A%2F%2Fldb-phinf.pstatic.net%2F20230313_232%2F1678690814941Gy67j_JPEG%2F%25C4%25BF%25C7%25C7%25B3%25AA%25C0%25CE_%25B0%25C7%25B4%25EB2.jpg,['명동크림프레소']
스위트레코드,"카페,디저트",261,서울 광진구 아차산로21길 77 1층 스위트레코드,"['빵이 맛있어요', '친절해요', '커피가 맛있어요']",https://search.pstatic.net/common/?autoRotate=true&type=w560_sharpen&src=https%3A%2F%2Fldb-phinf.pstatic.net%2F20231013_274%2F1697175635845vA5Mj_JPEG%2FIMG_1983.jpeg,"['레코드커피', '에그타르트', '소금빵', '휘낭시에']"
츄로' S Coffee&lce cream,"카페,디저트",827,서울 광진구 뚝섬로 620 1층 츄로's,"['디저트가 맛있어요', '친절해요', '가성비가 좋아요']",https://search.pstatic.net/common/?autoRotate=true&type=w560_sharpen&src=https%3A%2F%2Fldb-phinf.pstatic.net%2F20220228_280%2F1645976983407VM1EF_JPEG%2F130C20B3-C927-4588-A4B3-AAFF0E63F32A.jpeg,"['7츄로', '오리지날츄로', '초코아츄', '바닐라아츄']"
커피홍당무,"카페,디저트",477,서울 광진구 긴고랑로31길 5,"['커피가 맛있어요', '디저트가 맛있어요', '친절해요']",https://search.pstatic.net/common/?autoRotate=true&type=w560_sharpen&src=https%3A%2F%2Fldb-phinf.pstatic.net%2F20181207_79%2F1544172578976YEA62_JPEG%2Fyauzf8_JQiT9jcWaH8-SCZtq.JPG.jpg,"['[패스오더전용] 100원 아메리카노', 'Americano', 'Latte', 'Black Sesame Latte']"
브렛서울,"카페,디저트",304,서울 광진구 광나루로 410 1층 101호,"['친절해요', '커피가 맛있어요', '인테리어가 멋져요']",https://search.pstatic.net/common/?autoRotate=true&type=w560_sharpen&src=https%3A%2F%2Fldb-phinf.pstatic.net%2F20210205_59%2F1612503509476Alfd6_JPEG%2FmoOkYgeNA0Frkvib-5hZjBnp.jpg,"['바스크치즈케이크', '핸드드립', '아메리카노', '휘낭시에']"
무이뚜봉,"카페,디저트",235,서울 광진구 능동로 347-1 1층 1호,"['디저트가 맛있어요', '친절해요', '특별한 메뉴가 있어요']",https://search.pstatic.net/common/?autoRotate=true&type=w560_sharpen&src=https%3A%2F%2Fldb-phinf.pstatic.net%2F20210420_229%2F1618910320652B6Af8_JPEG%2FQwSty4J7Q6i4GGVdXeKanpEt.jpeg.jpg,"['쏠트 휘낭시에(1개)', '선물상자', '오너먼트 곰돌이 쿠키 4개 set(4개)', '오너먼트 곰돌이 샌드 쿠키 10개 set(10개)']"
비건 카페 비디알오,"카페,디저트",240,서울 광진구 아차산로57길 14 1층,"['디저트가 맛있어요', '커피가 맛있어요', '친절해요']",https://search.pstatic.net/common/?autoRotate=true&type=w560_sharpen&src=https%3A%2F%2Fldb-phinf.pstatic.net%2F20230808_132%2F1691496440578COg9f_JPEG%2FIMG_7140.jpeg.jpg,"['카페 코코', '쿠키', '파스타', '케이크']"
인동,"카페,디저트",95,서울 광진구 천호대로 630 1층 인동,"['커피가 맛있어요', '친절해요', '인테리어가 멋져요']",https://search.pstatic.net/common/?autoRotate=true&type=w560_sharpen&src=https%3A%2F%2Fldb-phinf.pstatic.net%2F20230912_185%2F1694505226291dLfTn_JPEG%2F%25C1%25D6%25BE%25C7%252C_%25BC%25B1%25B9%25B0%25C6%25F7%25C0%25E5.jpg,"['차가운 카페라떼', '차가운 아메리카노', '따뜻한 카페라떼', '차가운 바닐라 라떼']"
메종드쁘띠푸르 커먼그라운드점,베이커리,999+,서울 광진구 아차산로 200 메종드쁘띠푸르,"['빵이 맛있어요', '커피가 맛있어요', '특별한 메뉴가 있어요']",https://search.pstatic.net/common/?autoRotate=true&type=w560_sharpen&src=https%3A%2F%2Fldb-phinf.pstatic.net%2F20210529_172%2F1622275527972pOc3p_JPEG%2Fiua9OzKJ-6S9kHR_xsFB3wIn.jpg,"['아메리카노 HOT', '아메리카노 ICE']"
펠어커피 구의점,카페,999+,서울 광진구 아차산로59길 63 1층 FELL ACOFFEE 1호점,"['음료가 맛있어요', '커피가 맛있어요', '친절해요']",https://search.pstatic.net/common/?autoRotate=true&type=w560_sharpen&src=https%3A%2F%2Fldb-phinf.pstatic.net%2F20230417_167%2F1681710232517qtGN2_JPEG%2FAFFE2839-C22B-4096-9280-DDF0929EACF3.jpeg,"['아메리카노', '2초코 종류 선택', '카카오86%', '유기농 제주말차']"
요커 건대점,"카페,디저트",114,서울 광진구 능동로13길 34 1층,"['특별한 메뉴가 있어요', '친절해요', '디저트가 맛있어요']",https://search.pstatic.net/common/?autoRotate=true&type=w560_sharpen&src=https%3A%2F%2Fldb-phinf.pstatic.net%2F20230629_72%2F1688039708171CH7lu_JPEG%2FIMG_1332.,"['[SET1] 요거트볼1 + 아메리카노1(ICE/HOT)', '얼그레이 넛츠밤 그릭요거트 볼', '후르츠 밤 그릭요거트 볼', '프로틴 그릭요거트 볼']"
블루샥 군자역점,"카페,디저트",999+,서울 광진구 천호대로 544 1층 101호 블루샥 군자역점,"['커피가 맛있어요', '음료가 맛있어요', '매장이 청결해요']",https://search.pstatic.net/common/?autoRotate=true&type=w560_sharpen&src=https%3A%2F%2Fldb-phinf.pstatic.net%2F20220106_140%2F1641437567531H021x_PNG%2F20220106115203.png,"['[패스오더전용] 100원 아메리카노', '피넛 라떼', 'Night Blend', 'Sunset Blend']"
그릭판다,"카페,디저트",127,서울 광진구 군자로3길 18 1층 2호,"['디저트가 맛있어요', '친절해요', '특별한 메뉴가 있어요']",https://search.pstatic.net/common/?autoRotate=true&type=w560_sharpen&src=https%3A%2F%2Fvideo-phinf.pstatic.net%2F20231115_37%2F17000392795668G2jR_JPEG%2F7698ea47-8396-11ee-b893-48df37ae3fca_03.jpg,"['통밀 브라운샌드', '그릭앤베이글', '(시즌) 샤인밤부', '(인기) 특제 잠봉뵈르']"
최가커피 자양점,"카페,디저트",324,서울 광진구 자양로13가길 18 1층,"['커피가 맛있어요', '친절해요', '디저트가 맛있어요']",https://search.pstatic.net/common/?autoRotate=true&type=w560_sharpen&src=https%3A%2F%2Fldb-phinf.pstatic.net%2F20150901_76%2F14411020544036ySCM_JPEG%2F166572597625676_0.jpeg,"['아메리카노', '라떼', '더치라떼', '도피오바닐라라떼']"
왕바오 탕후루 본점,"카페,디저트",166,서울 광진구 아차산로 224 1층,"['디저트가 맛있어요', '친절해요', '매장이 청결해요']",https://search.pstatic.net/common/?autoRotate=true&type=w560_sharpen&src=https%3A%2F%2Fldb-phinf.pstatic.net%2F20230915_57%2F1694784659600Y822W_JPEG%2Ftemp_file.jpg,"['무지개 탕후루', '딸기 탕후루', '귤 탕후루', '샤인머스켓 탕후루']"
소소쿠키빌,"카페,디저트",265,서울 광진구 천호대로143길 8-11,"['디저트가 맛있어요', '친절해요', '커피가 맛있어요']",https://search.pstatic.net/common/?autoRotate=true&type=w560_sharpen&src=https%3A%2F%2Fldb-phinf.pstatic.net%2F20210116_124%2F1610797605307lGJrw_PNG%2FGesARFe0D3ib5zx28pfGmcMC.png,"['르뱅쿠키', '스콘', '소소라떼(Only Ice)', '커피 및 음료']"
바바아시,"카페,디저트",102,서울 광진구 자양로50길 48 1층 바바아시,"['인테리어가 멋져요', '커피가 맛있어요', '친절해요']",https://search.pstatic.net/common/?autoRotate=true&type=w560_sharpen&src=https%3A%2F%2Fldb-phinf.pstatic.net%2F20230214_43%2F1676344764858ksEMp_JPEG%2FCBDA09B6-C9CE-42D5-8AC3-FB5BAED4857D.jpeg,"['쿠키', '스콘']"
스타벅스 건대스타시티점,카페,999+,서울 광진구 아차산로 262,"['커피가 맛있어요', '친절해요', '음료가 맛있어요']",https://search.pstatic.net/common/?autoRotate=true&type=w560_sharpen&src=https%3A%2F%2Fldb-phinf.pstatic.net%2F20190828_93%2F1566953601239OT9MQ_PNG%2FxX7Wv642gXMoTI0DAv0hRymS.png,"['토피 넛 라떼', '토피 넛 팡도르', '별의 별 샌드위치', '스타벅스 딸기 라떼']"
시드누아 중곡점,카페,920,서울 광진구 천호대로127길 44 B1F,"['커피가 맛있어요', '대화하기 좋아요', '인테리어가 멋져요']",https://search.pstatic.net/common/?autoRotate=true&type=w560_sharpen&src=https%3A%2F%2Fldb-phinf.pstatic.net%2F20190430_42%2F15566035131180TS7V_JPEG%2FrRD4fv4aiZbJl7Za6fzidO0G.jpg,"['블랙커피(필터)', '콜드브루 커피', '카페라떼', '딸기블랑']"
피코야,베이커리,999+,서울 광진구 천호대로 655,"['빵이 맛있어요', '특별한 메뉴가 있어요', '친절해요']",https://search.pstatic.net/common/?autoRotate=true&type=w560_sharpen&src=https%3A%2F%2Fldb-phinf.pstatic.net%2F20220916_38%2F16633032551156viU4_JPEG%2F18F6B367-4931-412E-A2A3-413C102A7E04.jpeg,"['아메리카노', '라떼', '바닐라빈 라떼']"
칼레오커피로스터스,"카페,디저트",725,서울 광진구 아차산로 291 1층 칼레오커피,"['커피가 맛있어요', '친절해요', '가성비가 좋아요']",https://search.pstatic.net/common/?autoRotate=true&type=w560_sharpen&src=https%3A%2F%2Fldb-phinf.pstatic.net%2F20230831_48%2F1693408896895Icppc_JPEG%2FIMG_7555.,"['아메리카노', '카페모카', '바닐라라떼', '에스프레소']"
커피나무 건대입구역점,카페,629,서울 광진구 동일로22길 117-26,"['디저트가 맛있어요', '커피가 맛있어요', '음료가 맛있어요']",https://search.pstatic.net/common/?autoRotate=true&type=w560_sharpen&src=https%3A%2F%2Fldb-phinf.pstatic.net%2F20190518_96%2F15581670739936UB5U_JPEG%2FXiR5nAYgKklKcOU0HMNRQH0j.jpg,"['테이크아웃 아메리카노', '에스프레소', '카푸치노', '녹차 라떼']"
투썸플레이스 세종대학교점,카페,999+,서울 광진구 능동로 209 세종대학교 대양AI센터 1층,"['커피가 맛있어요', '디저트가 맛있어요', '음료가 맛있어요']",https://search.pstatic.net/common/?autoRotate=true&type=w560_sharpen&src=https%3A%2F%2Fldb-phinf.pstatic.net%2F20210729_271%2F1627555522338mIh8O_JPEG%2FA15--fP7mKwwUDX2-KoTu2Gl.jpg,"['카페 아메리카노', '카페라떼', '카페모카', '그린티라떼']"
설빙 건대지점,빙수,999+,서울 광진구 아차산로 225 2층,"['디저트가 맛있어요', '특별한 메뉴가 있어요', '음료가 맛있어요']",https://search.pstatic.net/common/?autoRotate=true&type=w560_sharpen&src=https%3A%2F%2Fldb-phinf.pstatic.net%2F20190109_161%2F1546973964561QYaAI_JPEG%2FCt1925GHQBKaGYbH1aJwkJQw.jpg,"['인절미설빙', '인절미토스트', '팥인절미설빙', '리얼그린티설빙']"
버터빌리지,"카페,디저트",66,서울 광진구 아차산로59길 38 1층 카페 버터빌리지,"['디저트가 맛있어요', '커피가 맛있어요', '인테리어가 멋져요']",https://search.pstatic.net/common/?autoRotate=true&type=w560_sharpen&src=https%3A%2F%2Fldb-phinf.pstatic.net%2F20230620_23%2F1687229596590ACj7E_JPEG%2FKakaoTalk_20230620_115140310.jpg,"['크림 라떼', '아메리카노', '카페 라떼', '카페 모카']"
던킨 건대입구역점,도넛,999+,서울 광진구 능동로 110 (화양동) 1층 103호,"['디저트가 맛있어요', '커피가 맛있어요', '매장이 청결해요']",https://search.pstatic.net/common/?autoRotate=true&type=w560_sharpen&src=https%3A%2F%2Fldb-phinf.pstatic.net%2F20220312_121%2F16470855738479vxbr_JPEG%2FIMG_20220309_163127_563.jpg,"['소금우유도넛', '미니도넛세트(6개입)', '(캔)허쉬초코(ICE)', '(캔)아이스카페라떼']"
리버커피,"카페,디저트",456,서울 광진구 아차산로78길 90 (광장동112) 리버커피,"['커피가 맛있어요', '뷰가 좋아요', '디저트가 맛있어요']",https://search.pstatic.net/common/?autoRotate=true&type=w560_sharpen&src=https%3A%2F%2Fldb-phinf.pstatic.net%2F20220519_149%2F165295959625867xEF_JPEG%2F%25C7%25A5%25C1%25F6.jpg,"['크림 콜드브루라떼', '크림 콜드브루', '생딸기 라떼', '애플망고 패션푸룻 라떼']"
탐앤탐스 군자역점,카페,999+,서울 광진구 능동로 296 호안빌딩,"['커피가 맛있어요', '대화하기 좋아요', '친절해요']",https://search.pstatic.net/common/?autoRotate=true&type=w560_sharpen&src=https%3A%2F%2Fldb-phinf.pstatic.net%2F20230128_116%2F16748758417271sR6G_JPEG%2F20221028_164519.jpg,"['꼰대라떼', '탐의보감 3종', '솔티드 카라멜 라떼 3종', '콜라겐 요거트 스무디']"
해실해실,"카페,디저트",393,서울 광진구 동일로22길 58 해실해실,"['디저트가 맛있어요', '인테리어가 멋져요', '음료가 맛있어요']",https://search.pstatic.net/common/?autoRotate=true&type=w560_sharpen&src=https%3A%2F%2Fldb-phinf.pstatic.net%2F20220824_234%2F166135074441665Seo_JPEG%2FC3E90A69-3974-410C-A20B-646E953BD4A9.jpeg,"['복숭아 요거트 빙수', 'O.I.C', '레드리치스무디', '크림바닐라라떼']"
크리스피크림도넛 건대스타시티점,도넛,999+,서울 광진구 아차산로 262 더샵스타시티,"['디저트가 맛있어요', '친절해요', '커피가 맛있어요']",https://search.pstatic.net/common/?autoRotate=true&type=w560_sharpen&src=https%3A%2F%2Fldb-phinf.pstatic.net%2F20220826_115%2F166149031744176Q6B_JPEG%2F%25B3%25D7%25C0%25CC%25B9%25F6_%25B4%25EB%25C7%25A5%25C0%25CC%25B9%25CC%25C1%25F6_1_%25B4%25EB%25C1%25F6_1_%25B4%25EB%25C1%25F6_1.jpg,"['오리지널 글레이즈드', '초콜릿 아이스드 글레이즈드', '초코홀릭', '우유크림 듬뿍']"
베리스베어,케이크전문,219,서울 광진구 면목로 58 1층 베리스베어,"['디저트가 맛있어요', '친절해요', '선물하기 좋아요']",https://search.pstatic.net/common/?autoRotate=true&type=w560_sharpen&src=https%3A%2F%2Fldb-phinf.pstatic.net%2F20230412_174%2F1681274102222QCCO2_JPEG%2F30D29275-1BEA-4FAE-8E77-E8D760EA65D3.jpeg,"['딸기케이크미니', '초코딸기케이크미니', '딸기케이크조각', '초코딸기케이크조각']"
딜란스쿠키,"카페,디저트",335,서울 광진구 자양로28길 6 1층 딜란스 쿠키,"['디저트가 맛있어요', '친절해요', '매장이 청결해요']",https://search.pstatic.net/common/?autoRotate=true&type=w560_sharpen&src=https%3A%2F%2Fldb-phinf.pstatic.net%2F20221008_159%2F1665196334948XbE8E_JPEG%2FC0485319-BD48-42D6-AD4C-B2B1D149D994.jpeg,"['슈톨렌 쿠키(NEW)', '마롱쿠키(NEW)', '미니쿠키', '샌드쿠키']"
단지커피,"카페,디저트",755,서울 광진구 군자로 133-1 1층 102호,"['커피가 맛있어요', '친절해요', '특별한 메뉴가 있어요']",https://search.pstatic.net/common/?autoRotate=true&type=w560_sharpen&src=https%3A%2F%2Fldb-phinf.pstatic.net%2F20201225_19%2F1608840078091aYXoR_JPEG%2FLVEyPvH3i0R0zMDsymuanoya.jpg,"['뉴>오늘의 드립 커피', '카페라떼조르바', ""아메리카노1번 '조르바'"", '아메리카노2 /코스타리카 코르디예라 데푸에고,']"
무무그릭요거트,"카페,디저트",367,서울 광진구 자양로19길 74 102호,"['디저트가 맛있어요', '특별한 메뉴가 있어요', '친절해요']",https://search.pstatic.net/common/?autoRotate=true&type=w560_sharpen&src=https%3A%2F%2Fldb-phinf.pstatic.net%2F20221122_293%2F1669090969535uCfIB_JPEG%2FBE068C18-F5C3-426F-ABF4-25376ECD425F.jpeg,"['플레인 그릭요거트', '피치피치 밥무', '애플카라멜 밥무', '꿀고구마 밥무']"
마리웨일237 건대입구점,베이커리,313,서울 광진구 능동로 131-1 1층 마리웨일237 건대입구점,"['친절해요', '빵이 맛있어요', '매장이 청결해요']",https://search.pstatic.net/common/?autoRotate=true&type=w560_sharpen&src=https%3A%2F%2Fldb-phinf.pstatic.net%2F20151112_46%2F1447299709243jRR1G_JPEG%2FSUBMIT_1447299687962_36900589.jpg,"['구슬아이스크림 1~2가지 맛 컵', '건대구슬아이스크림 1~4가지 맛 컵', '프랑스 마카롱', '마카롱 선물세트']"
델티,"카페,디저트",360,서울 광진구 능동로49길 18 1층 DELTY,"['디저트가 맛있어요', '친절해요', '커피가 맛있어요']",https://search.pstatic.net/common/?autoRotate=true&type=w560_sharpen&src=https%3A%2F%2Fldb-phinf.pstatic.net%2F20221005_253%2F1664942289432MeXER_JPEG%2FKakaoTalk_20221005_123748861_04.jpg,"['클래식초코칩', '화이트말차', '플레인', '오레오스모어']"
몽키트위스트도넛,베이커리,214,서울 광진구 천호대로111길 40 1층,"['빵이 맛있어요', '친절해요', '가성비가 좋아요']",https://search.pstatic.net/common/?autoRotate=true&type=w560_sharpen&src=https%3A%2F%2Fldb-phinf.pstatic.net%2F20230925_233%2F1695609312587vTnsh_JPEG%2F4B86ACCD-47BF-4481-92BE-0C1D7F59B01E.jpeg,"['빅오리지널', '버터갈릭꽈배기', '몽키바나나크림링', '애플잼시나몬링']"
카페 에이딥,"카페,디저트",230,서울 광진구 자양로43길 57 1층 3호,"['커피가 맛있어요', '친절해요', '음료가 맛있어요']",https://search.pstatic.net/common/?autoRotate=true&type=w560_sharpen&src=https%3A%2F%2Fldb-phinf.pstatic.net%2F20231123_118%2F1700727496513POE2i_JPEG%2FIMG_0671.jpeg,"['에이딥 라떼', '아이스크림 말차 라떼', '샤인머스켓 샤베트', 'Butterfly 레몬에이드']"
보리스,"카페,디저트",347,서울 광진구 아차산로 290 1층,"['커피가 맛있어요', '디저트가 맛있어요', '친절해요']",https://search.pstatic.net/common/?autoRotate=true&type=w560_sharpen&src=https%3A%2F%2Fldb-phinf.pstatic.net%2F20230802_266%2F1690954225742N0cnq_JPEG%2F1197F075-916A-495B-A2DF-BC78325E373C.jpeg,"['쿠키', '레몬샷', '쿠키2', '보리스라떼']"
하니지니케이크,케이크전문,88,서울 광진구 아차산로61길 14 1층 102호,"['디저트가 맛있어요', '선물하기 좋아요', '친절해요']",https://search.pstatic.net/common/?autoRotate=true&type=w560_sharpen&src=https%3A%2F%2Fldb-phinf.pstatic.net%2F20230419_246%2F1681901487424SQbsO_JPEG%2FKakaoTalk_20230419_190846136_12.jpg,"['래터링케이크(10cm(화이트(바닐라크림치즈)', '래터링케이크(10cm(핑크(바닐라크림치즈)', '래터링케이크(10cm(초코크림치즈)', '래터링케이크 (10cm(바닐라크림치즈)']"
파스쿠찌 강변테크노마트점,카페,999+,서울 광진구 광나루로56길 85 테크노마트 지하 D-10호,"['커피가 맛있어요', '음료가 맛있어요', '디저트가 맛있어요']",https://search.pstatic.net/common/?autoRotate=true&type=w560_sharpen&src=https%3A%2F%2Fldb-phinf.pstatic.net%2F20190809_180%2F1565315849194aILfo_JPEG%2FauzjbRQG3PdBXyIgY3pqZlaK.jpeg.jpg,"['오트콜드브루플로트', '리모네코코커피그라니따', '돌체콜드브루그라니따', '영그레이']"
지밀,"카페,디저트",166,서울 광진구 능동로4길 73 1층,"['커피가 맛있어요', '디저트가 맛있어요', '친절해요']",https://search.pstatic.net/common/?autoRotate=true&type=w560_sharpen&src=https%3A%2F%2Fldb-phinf.pstatic.net%2F20230828_239%2F1693186060505qVDc5_JPEG%2FIMG_0837.jpeg,"['지밀 샌드위치 A세트', '지밀 샌드위치 B세트', '지밀 샌드위치 C세트', '지밀 샌드위치 D세트']"
젠젠 롯데백화점 건대스타시티점,"카페,디저트",16,서울 광진구 능동로 92 롯데백화점 건대스타시티점 2층,"['디저트가 맛있어요', '친절해요', '음료가 맛있어요']",https://search.pstatic.net/common/?autoRotate=true&type=w560_sharpen&src=https%3A%2F%2Fldb-phinf.pstatic.net%2F20231019_17%2F1697709738789iioys_JPEG%2FKakaoTalk_20231019_190008999_02.jpg,"['젠젠 팬케이크', '허니 크림 팬케이크', '맛차 크림 팬케이크', '홍차 크림 팬케이크']"
피오디디,"카페,디저트",465,서울 광진구 아차산로76길 28 1층~3층,"['커피가 맛있어요', '인테리어가 멋져요', '디저트가 맛있어요']",https://search.pstatic.net/common/?autoRotate=true&type=w560_sharpen&src=https%3A%2F%2Fldb-phinf.pstatic.net%2F20220904_271%2F1662232071443sQUYw_JPEG%2F9DECB5DF-8197-4A91-B62B-60866162A8B4.jpeg,"['아메리카노', '아인슈페너', '바스크치즈케이크(조각)', '브라운 치즈 크로플']"
브링미커피 자양점,카페,394,서울 광진구 자양번영로 19 1층,"['커피가 맛있어요', '친절해요', '디저트가 맛있어요']",https://search.pstatic.net/common/?autoRotate=true&type=w560_sharpen&src=https%3A%2F%2Fldb-phinf.pstatic.net%2F20230210_278%2F1676033072766tSHqR_JPEG%2FD76F6D1E-D191-4B76-A27C-FE7357D967FF.jpeg,"['브링미라떼', '오렌지범블', '아메리카노', '라즈베리라떼']"
소낙,"카페,디저트",195,서울 광진구 자양번영로1길 24 1층,"['커피가 맛있어요', '음료가 맛있어요', '친절해요']",https://search.pstatic.net/common/?autoRotate=true&type=w560_sharpen&src=https%3A%2F%2Fldb-phinf.pstatic.net%2F20220904_127%2F1662270952257MMvOC_JPEG%2FDSC09790.jpg,"['버터바', '에그타르트', '소낙미숫가루', '소낙라떼']"
라이크어시네마 건대점,"카페,디저트",833,서울 광진구 아차산로30길 17 1층,"['가성비가 좋아요', '친절해요', '디저트가 맛있어요']",https://search.pstatic.net/common/?autoRotate=true&type=w560_sharpen&src=https%3A%2F%2Fldb-phinf.pstatic.net%2F20221027_217%2F1666803468209WJwog_JPEG%2F1666518121992.jpeg,"['오리지널 팝콘', '카라멜 팝콘', '치즈&카라멜 팝콘', '단짠 팝콘']"
온유어데이,케이크전문,109,서울 광진구 군자로10길 36 1층,['리뷰 참여자가 10명이 되지 않습니다.'],https://search.pstatic.net/common/?autoRotate=true&type=w560_sharpen&src=https%3A%2F%2Fldb-phinf.pstatic.net%2F20201221_85%2F1608526957199Katvq_JPEG%2FVMbEN59cBJ7eeKYt5_-cEbt-.jpeg.jpg,"['도시락케이크', '미니케이크']"
슬로우브레드 오고,베이커리,193,서울 광진구 자양로26길 95 1층 102호,"['빵이 맛있어요', '친절해요', '특별한 메뉴가 있어요']",https://search.pstatic.net/common/?autoRotate=true&type=w560_sharpen&src=https%3A%2F%2Fldb-phinf.pstatic.net%2F20200323_230%2F1584969938218VjPiq_PNG%2FSdbl8MaBSJqLfExmIc77371m.png,"['오고 시골빵 (Sourdough Bread)', '크랜베리 넛츠통밀빵 Nuts', '무화과 시골빵 (Rye & Whole-wheat Sourdough w/ Fig)', '통밀시골빵 _ Whole']"
스타벅스 구의역점,카페,999+,서울 광진구 아차산로 373,"['커피가 맛있어요', '친절해요', '음료가 맛있어요']",https://search.pstatic.net/common/?autoRotate=true&type=w560_sharpen&src=https%3A%2F%2Fldb-phinf.pstatic.net%2F20190828_93%2F1566953601239OT9MQ_PNG%2FxX7Wv642gXMoTI0DAv0hRymS.png,"['토피 넛 라떼', '토피 넛 팡도르', '별의 별 샌드위치', '스타벅스 딸기 라떼']"
레드 리즈,"카페,디저트",73,서울 광진구 동일로24길 77 1층 레드 리즈,"['인테리어가 멋져요', '디저트가 맛있어요', '특별한 메뉴가 있어요']",https://search.pstatic.net/common/?autoRotate=true&type=w560_sharpen&src=https%3A%2F%2Fldb-phinf.pstatic.net%2F20230910_263%2F1694346166679uKG8O_JPEG%2F%25B7%25B9%25B5%25E5%25B8%25AE%25C1%25EE_%25B8%25C5%25C0%25E5%25BB%25E7%25C1%25F8%2528%25C3%25D6%25BD%25C5%2529.jpg,"['소프트 아이스크림 밀크맛 보통컵', '소프트 아이스크림 밀크맛 커플컵', '소프트 아이스크림 밀크맛 콘', '소프트 아이스크림 초코맛 보통컵']"
할리스 건대입구점,카페,999+,서울 광진구 아차산로 235,"['커피가 맛있어요', '음료가 맛있어요', '친절해요']",https://search.pstatic.net/common/?autoRotate=true&type=w560_sharpen&src=https%3A%2F%2Fldb-phinf.pstatic.net%2F20210302_125%2F161464487124061agC_JPEG%2FK15utTFWXeuNEny1JMXiV57W.jpg,"['딸기 치즈케익 할리치노', '민트 초코칩 할리치노', '바닐라 딜라이트', '카라멜 마키아또']"
새기다케이크,케이크전문,49,서울 광진구 능동로27길 36 1층,"['디저트가 맛있어요', '친절해요', '선물하기 좋아요']",https://search.pstatic.net/common/?autoRotate=true&type=w560_sharpen&src=https%3A%2F%2Fldb-phinf.pstatic.net%2F20231129_13%2F170123605096130jLS_JPEG%2F20231129_110259.jpg,"['입체 케이크', '인물 그림 케이크', '술 케이크', '푸드 케이크']"
비에이치테이블,브런치,866,서울 광진구 아차산로45길 16 1층,"['음식이 맛있어요', '재료가 신선해요', '친절해요']",https://search.pstatic.net/common/?autoRotate=true&type=w560_sharpen&src=https%3A%2F%2Fldb-phinf.pstatic.net%2F20191230_52%2F1577659079621105cT_JPEG%2Fs7f1raGqF7X0RPaQc7N9tQK2.jpeg.jpg,"['비에이치플레이트', '프렌치토스트', '고구마크림스프', '잠봉루꼴라샌드위치']"
디저트르모어 룸원카이막,"카페,디저트",344,서울 광진구 아차산로40길 37 1층,"['특별한 메뉴가 있어요', '친절해요', '디저트가 맛있어요']",https://search.pstatic.net/common/?autoRotate=true&type=w560_sharpen&src=https%3A%2F%2Fldb-phinf.pstatic.net%2F20230519_37%2F16844594515311olbU_JPEG%2F1683881572920.jpg,"['생카이막(하프)', '슈즈메요거트', '바클라바(2pcs)', '에크멕(Ekmek 바게트)']"
델트,"카페,디저트",383,서울 광진구 광나루로54길 83 1층 델트,"['커피가 맛있어요', '디저트가 맛있어요', '친절해요']",https://search.pstatic.net/common/?autoRotate=true&type=w560_sharpen&src=https%3A%2F%2Fldb-phinf.pstatic.net%2F20200112_225%2F1578810603873CltQa_JPEG%2Fbxxz_IuCmDhdmvS7r5xK4mEm.jpg,"['아메리카노', '마카롱', '다쿠아즈', '스콘']"
트레비커피로스터스,카페,279,서울 광진구 군자로 63,"['커피가 맛있어요', '친절해요', '매장이 청결해요']",https://search.pstatic.net/common/?autoRotate=true&type=w560_sharpen&src=https%3A%2F%2Fldb-phinf.pstatic.net%2F20220408_229%2F1649417439117iC2QV_JPEG%2FKakaoTalk_20220407_202118405.jpg,['필터커피']
투썸플레이스 군자역점,카페,999+,서울 광진구 능동로 289 1층,"['디저트가 맛있어요', '커피가 맛있어요', '친절해요']",https://search.pstatic.net/common/?autoRotate=true&type=w560_sharpen&src=http%3A%2F%2Fblogfiles.naver.net%2FMjAyMzExMTdfMTkw%2FMDAxNzAwMTUyNTk2NjE5.OzkQze-To306gnsjyJ1mn77xlryMroHUERI2lWaSa58g.EcChBq9yxexr7sC9OoelDqeE-yYvFzW7qMt5Mm0aO9sg.JPEG.lhesok02%2FIMG_0692.jpg,"['카페 아메리카노', '카페 라떼', '카페모카', '카라멜 마키아또']"
라그랑우스,베이커리,517,서울 광진구 아차산로 345 101동 102호,"['빵이 맛있어요', '특별한 메뉴가 있어요', '친절해요']",https://search.pstatic.net/common/?autoRotate=true&type=w560_sharpen&src=https%3A%2F%2Fldb-phinf.pstatic.net%2F20181204_124%2F1543934506503UGnwe_JPEG%2FUB6EoLg1SyKVqzwos0zCuyjE.jpeg.jpg,"['아메리카노', '카페라떼', '바닐라라떼', '뺑오쇼콜라']"
비마이크림 건대점,"카페,디저트",155,서울 광진구 군자로 8 1층,"['디저트가 맛있어요', '친절해요', '매장이 청결해요']",https://search.pstatic.net/common/?autoRotate=true&type=w560_sharpen&src=https%3A%2F%2Fldb-phinf.pstatic.net%2F20230509_248%2F1683593494791yxb6Q_JPEG%2F20230120_162557_IMG_6436.,"['레터링케이크', '아메리카노']"
비비비,"카페,디저트",25,서울 광진구 긴고랑로14길 59 1층,"['인테리어가 멋져요', '커피가 맛있어요', '디저트가 맛있어요']",https://search.pstatic.net/common/?autoRotate=true&type=w560_sharpen&src=https%3A%2F%2Fldb-phinf.pstatic.net%2F20231108_151%2F1699426658465ahNAy_JPEG%2FIMG_4738.jpeg,['아메리카노']
에스프레소 바 시 자양점,카페,816,서울 광진구 아차산로 345 123호,"['커피가 맛있어요', '매장이 청결해요', '친절해요']",https://search.pstatic.net/common/?autoRotate=true&type=w560_sharpen&src=https%3A%2F%2Fldb-phinf.pstatic.net%2F20200103_174%2F1578049316953HmmcI_JPEG%2Fq7Rod0fgzn0WLg6VNM-2lILf.JPG.jpg,"['플랫 화이트', '에스프레소', '아메리카노', '카페 라떼']"
마노베이커리,베이커리,999+,서울 광진구 자양로 282-1 난빌딩,"['빵이 맛있어요', '친절해요', '특별한 메뉴가 있어요']",https://search.pstatic.net/common/?autoRotate=true&type=w560_sharpen&src=https%3A%2F%2Fldb-phinf.pstatic.net%2F20230408_281%2F1680911428789nRBUq_JPEG%2F20230408_082249.jpg,"['에그타르트', '바질크런치', '슈톨렌', '크로와상']"
에이요커피 바,카페,455,서울 광진구 능동로25길 15 1층,"['커피가 맛있어요', '친절해요', '음료가 맛있어요']",https://search.pstatic.net/common/?autoRotate=true&type=w560_sharpen&src=https%3A%2F%2Fldb-phinf.pstatic.net%2F20230911_87%2F1694406623943pXKV8_JPEG%2F001.jpg,"['아메리카노 L', '카페라떼 R', '수제 바닐라빈라떼 R (변경)', '(매장결제) 겉바속촉 소금빵']"
슈트쥬레브,"카페,디저트",98,서울 광진구 자양로32길 42 아스하임 1층 101호,"['디저트가 맛있어요', '커피가 맛있어요', '음료가 맛있어요']",https://search.pstatic.net/common/?autoRotate=true&type=w560_sharpen&src=https%3A%2F%2Fldb-phinf.pstatic.net%2F20230825_157%2F1692958611861poMj4_JPEG%2FIMG_0678.jpeg,"['시그니처 크리스마스 마들렌 박스', '(예약) 구움과자 케이크', '(예약) 바스크 치즈케이크 세트', '시그니처 밀크티']"
카페모디,카페,94,서울 광진구 뚝섬로54길 41-9 (자양동) 파란대문 [골목안쪽으로 쭉 들어오세요],"['인테리어가 멋져요', '커피가 맛있어요', '친절해요']",https://search.pstatic.net/common/?autoRotate=true&type=w560_sharpen&src=https%3A%2F%2Fldb-phinf.pstatic.net%2F20230615_211%2F1686828506594G4J9F_PNG%2F1686828483493.png,"['자양동커피', '아이스크림크로플 with더블베리콩포트', '바스크치즈케이크', '아이스크림 브라우니']"
카페 나리랑,"카페,디저트",289,서울 광진구 능동로37길 9 평강오피스텔 1층 101호,"['디저트가 맛있어요', '커피가 맛있어요', '음료가 맛있어요']",https://search.pstatic.net/common/?autoRotate=true&type=w560_sharpen&src=https%3A%2F%2Fldb-phinf.pstatic.net%2F20221212_243%2F1670809305578WDu5k_JPEG%2FBD9DD88C-65C2-4AD8-A565-E70C0BE558FB.jpeg,"['바닐라빈라떼(hot)', '바닐라빈라떼(ice)', '크림블랙라떼', '흑임자크림라떼']"
심리카페멘토 건대점,테마카페,358,서울 광진구 동일로20길 64 . 2층,"['대화하기 좋아요', '친절해요', '컨셉이 독특해요']",https://search.pstatic.net/common/?autoRotate=true&type=w560_sharpen&src=https%3A%2F%2Fldb-phinf.pstatic.net%2F20230711_151%2F1689068702076P47YA_JPEG%2FKakaoTalk_20181217_131237638.jpg,['커피 음료']
카페원웨이,"카페,디저트",155,서울 광진구 천호대로119길 58 1층 카페원웨이,"['커피가 맛있어요', '친절해요', '음료가 맛있어요']",https://search.pstatic.net/common/?autoRotate=true&type=w560_sharpen&src=https%3A%2F%2Fldb-phinf.pstatic.net%2F20201004_155%2F1601799478587SdUfd_JPEG%2FVvtK7jVxp4LnmSB3-iPorjMl.jpeg.jpg,"['카페라테', '자유에이드', '아메리카노']"
스타벅스 올림픽대교북단점,카페,999+,서울 광진구 광나루로 608,"['커피가 맛있어요', '친절해요', '음료가 맛있어요']",https://search.pstatic.net/common/?autoRotate=true&type=w560_sharpen&src=https%3A%2F%2Fldb-phinf.pstatic.net%2F20190828_93%2F1566953601239OT9MQ_PNG%2FxX7Wv642gXMoTI0DAv0hRymS.png,"['토피 넛 라떼', '토피 넛 팡도르', '별의 별 샌드위치', '스타벅스 딸기 라떼']"
카페 비엔베니도,"카페,디저트",150,"서울 광진구 천호대로 674 1, 2층","['커피가 맛있어요', '디저트가 맛있어요', '인테리어가 멋져요']",https://search.pstatic.net/common/?autoRotate=true&type=w560_sharpen&src=https%3A%2F%2Fldb-phinf.pstatic.net%2F20230925_290%2F1695622445710faQ3K_JPEG%2F67D9E0F7-CBDD-484B-BBD5-7000E90C6733.jpeg,"['[패스오더전용] 100원 아메리카노', '녹차 파운드 케이크', '커브크루아상', '소금빵']"
폼드팡,베이커리,366,서울 광진구 능동로 111 . 1층,"['빵이 맛있어요', '친절해요', '특별한 메뉴가 있어요']",https://search.pstatic.net/common/?autoRotate=true&type=w560_sharpen&src=https%3A%2F%2Fldb-phinf.pstatic.net%2F20230301_21%2F1677596750078UuwMj_JPEG%2F1677595721884.jpg,[]
탐앤탐스 광진화양점,카페,999+,서울 광진구 능동로13길 26 1-4층,"['커피가 맛있어요', '음료가 맛있어요', '대화하기 좋아요']",https://search.pstatic.net/common/?autoRotate=true&type=w560_sharpen&src=https%3A%2F%2Fldb-phinf.pstatic.net%2F20220929_270%2F1664433748061J7gKC_JPEG%2FBE9085B7-0C14-46D2-B359-A863813D39D0.jpeg,"['꼰대라떼', '탐의보감 3종', '솔티드 카라멜 라떼 3종', '콜라겐 요거트 스무디']"
가든한 베이커리,베이커리,43,서울 광진구 긴고랑로9길 47 1층,"['빵이 맛있어요', '친절해요', '가성비가 좋아요']",https://search.pstatic.net/common/?autoRotate=true&type=w560_sharpen&src=https%3A%2F%2Fldb-phinf.pstatic.net%2F20230828_187%2F1693178684693XTsAG_JPEG%2FKakaoTalk_20230819_104757670_01.jpg,"['베이글', '쌀가루 베이커리', '소금빵', '꿀바게트']"
카페인모아,카페,476,서울 광진구 아차산로 292 모아빌딩 1층 카페인모아,"['커피가 맛있어요', '친절해요', '매장이 청결해요']",https://search.pstatic.net/common/?autoRotate=true&type=w560_sharpen&src=https%3A%2F%2Fldb-phinf.pstatic.net%2F20210614_131%2F16236362357561acgO_JPEG%2FJXGZ3NkMNmf5wWBTEkFX8inW.jpg,['바닐라라떼']
별책다방,"카페,디저트",65,서울 광진구 광나루로16길 5 1층,"['친절해요', '커피가 맛있어요', '인테리어가 멋져요']",https://search.pstatic.net/common/?autoRotate=true&type=w560_sharpen&src=https%3A%2F%2Fldb-phinf.pstatic.net%2F20230505_28%2F1683276014725brQKN_JPEG%2F3484B9C0-3F77-42E6-A8CE-81925916C7A4.jpeg,"['리얼초코라떼', '카페모카', '딸기로즈라떼', '말차라떼']"
배스킨라빈스 건대역점,아이스크림,999+,서울 광진구 능동로 115,"['디저트가 맛있어요', '친절해요', '매장이 청결해요']",https://search.pstatic.net/common/?autoRotate=true&type=w560_sharpen&src=https%3A%2F%2Fldb-phinf.pstatic.net%2F20190207_263%2F1549518073913VHxxg_JPEG%2FWzOVG98BAb-9oaMe84QYeDV3.jpg,"['패밀리', '하프갤론', '파인트', '쿼터']"
휴온,"카페,디저트",445,서울 광진구 아차산로51길 27 2층,"['친절해요', '매장이 청결해요', '좌석이 편해요']",https://search.pstatic.net/common/?autoRotate=true&type=w560_sharpen&src=https%3A%2F%2Fldb-phinf.pstatic.net%2F20191226_18%2F1577346421736bRC3i_PNG%2FOzVJdnfmN-qKbl3954L-OPCW.png,['패키지류']
늑커피,"카페,디저트",215,서울 광진구 광나루로 529 1층 늑커피,"['커피가 맛있어요', '친절해요', '디저트가 맛있어요']",https://search.pstatic.net/common/?autoRotate=true&type=w560_sharpen&src=https%3A%2F%2Fldb-phinf.pstatic.net%2F20220212_65%2F1644638481316IYmCy_JPEG%2F5.,"['늑커피', '베리그릭마운틴', '토마토바질스콘', '플레인스콘']"
낙양커피,"카페,디저트",619,서울 광진구 동일로20길 116 1층,"['커피가 맛있어요', '디저트가 맛있어요', '가성비가 좋아요']",https://search.pstatic.net/common/?autoRotate=true&type=w560_sharpen&src=https%3A%2F%2Fldb-phinf.pstatic.net%2F20230201_165%2F1675232666054vn2HG_JPEG%2F1AC63B12-ABCF-4344-8C85-640C3400F9CE.jpeg,"['시그니처라떼(M)', '시그니처라떼(1리터)', '수제 바나나 푸딩', '누텔라바나나 크로플']"
아티제 건국대병원점,카페,999+,서울 광진구 능동로 120-1 건국대학교병원 1층,"['커피가 맛있어요', '디저트가 맛있어요', '친절해요']",https://search.pstatic.net/common/?autoRotate=true&type=w560_sharpen&src=https%3A%2F%2Fldb-phinf.pstatic.net%2F20180824_162%2F1535086406315UySff_JPEG%2FvPQNsMq0DsAs5Fn36aZvYlDE.jpg,"['카페 아메리카노', '카페라떼', '스패니쉬라떼', '플랫화이트']"
베이크치치,"카페,디저트",81,서울 광진구 용마산로 174 상가 1층 106호,"['디저트가 맛있어요', '친절해요', '커피가 맛있어요']",https://search.pstatic.net/common/?autoRotate=true&type=w560_sharpen&src=https%3A%2F%2Fldb-phinf.pstatic.net%2F20230522_115%2F1684747958849w4vMi_JPEG%2FKakaoTalk_20230522_182033972_01.jpg,"['우유크림도넛', '인절미크림도넛', '초코크림도넛', '바닐라크림도넛']"
스륵,카페,118,서울 광진구 자양로 35 1층,"['친절해요', '디저트가 맛있어요', '특별한 메뉴가 있어요']",https://search.pstatic.net/common/?autoRotate=true&type=w560_sharpen&src=https%3A%2F%2Fldb-phinf.pstatic.net%2F20220817_196%2F1660727680655YNGGk_JPEG%2F1C28D4C9-3F87-4CB7-B007-5F1D3932752F.jpeg,"['주문제작케이크,커스텀케이크,생화케이크', '케이크 속성반 수업 [4시간]', '원데이 [기초 베이킹 : 3시간]', '원데이 [디자인 수업 : 2시간]']"
커피빈 건대스타시티점,카페,999+,서울 광진구 능동로 90 롯데백화점 옆 더클래식500건물 1층,"['커피가 맛있어요', '음료가 맛있어요', '디저트가 맛있어요']",https://search.pstatic.net/common/?autoRotate=true&type=w560_sharpen&src=https%3A%2F%2Fldb-phinf.pstatic.net%2F20201112_27%2F16051546851610QfiI_JPEG%2FgIuTlABhpbP-C9dfq88cO5TR.jpg,"['윈트리 머루 뱅쇼 (R)', '퓨어 피넛 초콜릿 라떼 (S)', '에스프레소 피넛 초콜릿 라떼 (S)', '퓨어 피넛 초콜릿 IB (S)']"
비엔나227 건대스타시티직영점,"카페,디저트",373,서울 광진구 능동로 92 2층 203호 카페비엔나227 건대스타시티직영점,"['커피가 맛있어요', '대화하기 좋아요', '매장이 넓어요']",https://search.pstatic.net/common/?autoRotate=true&type=w560_sharpen&src=https%3A%2F%2Fldb-phinf.pstatic.net%2F20231012_243%2F1697098273626SGzdI_JPEG%2F20231012_171010.jpg,"['따뜻한 아인슈패너', '아이스 멜랑즈', '보늬밤치즈케이크', '체리베리케이크']"
투썸플레이스 구의역점,카페,999+,서울 광진구 자양로 116 웰츠타워 1층 투썸플레이스,"['커피가 맛있어요', '디저트가 맛있어요', '음료가 맛있어요']",https://search.pstatic.net/common/?autoRotate=true&type=w560_sharpen&src=https%3A%2F%2Fldb-phinf.pstatic.net%2F20200424_43%2F1587690382800X1F9G_JPEG%2FkXC4TL76BeCl_QOGb0_O8t_U.jpg,['아메리카노']
라이트레인,"카페,디저트",846,서울 광진구 아차산로 200 3층 (커먼그라운드 3층),"['커피가 맛있어요', '디저트가 맛있어요', '음료가 맛있어요']",https://search.pstatic.net/common/?autoRotate=true&type=w560_sharpen&src=https%3A%2F%2Fldb-phinf.pstatic.net%2F20210401_198%2F1617265507518bkn3s_JPEG%2FccWQFr8lVGUI0SJl1wPs3ODt.jpeg.jpg,"['아메리카노', '카페라떼', '크림라떼 (8oz)', '허브 오렌지자몽']"
선자케이크,케이크전문,214,서울 광진구 뚝섬로30길 41 1층,"['디저트가 맛있어요', '특별한 메뉴가 있어요', '친절해요']",https://search.pstatic.net/common/?autoRotate=true&type=w560_sharpen&src=https%3A%2F%2Fldb-phinf.pstatic.net%2F20210708_69%2F1625737210431KRbLM_JPEG%2FLzISUxTAl_WC0h2SO2H_vvKi.jpeg.jpg,"['도시락케이크', '곰돌이 도시락케이크']"
오고,"카페,디저트",246,서울 광진구 광장로 71-1 1층,"['커피가 맛있어요', '디저트가 맛있어요', '친절해요']",https://search.pstatic.net/common/?autoRotate=true&type=w560_sharpen&src=https%3A%2F%2Fldb-phinf.pstatic.net%2F20220408_1%2F1649405396057VzrpE_JPEG%2F90C98B45-2156-4CC4-B0CD-C738DD8DD2D0.jpeg,"['애플 시나몬 크로플', '인절미 크로플', '아이스크림 크로플', '프렌치 토스트']"
반지더하기 건대점,테마카페,690,서울 광진구 동일로22길 96 3층,"['친절해요', '특별한 날 가기 좋아요', '차분한 분위기에요']",https://search.pstatic.net/common/?autoRotate=true&type=w560_sharpen&src=https%3A%2F%2Fldb-phinf.pstatic.net%2F20210612_168%2F1623481678488fY4On_JPEG%2Fjcr-abPhRASgWg3eIWf3fJaC.jpg,"['2.5mm(99.9%순은)', '3.8mm(99.9%순은)', '5mm    (99.9%순은)', '7mm    (99.9%순은)']"
할리스 광나루역점,카페,999+,서울 광진구 천호대로 808 광장12차 현대홈타운 1202동 상가 1층,"['커피가 맛있어요', '좌석이 편해요', '매장이 청결해요']",https://search.pstatic.net/common/?autoRotate=true&type=w560_sharpen&src=https%3A%2F%2Fldb-phinf.pstatic.net%2F20210302_125%2F161464487124061agC_JPEG%2FK15utTFWXeuNEny1JMXiV57W.jpg,"['딸기 치즈케익 할리치노', '민트 초코칩 할리치노', '바닐라 딜라이트', '카라멜 마키아또']"
스타탕후루 중곡대원점,"카페,디저트",22,"서울 광진구 용마산로 112 1층,101, 102호","['인테리어가 멋져요', '디저트가 맛있어요', '친절해요']",https://search.pstatic.net/common/?autoRotate=true&type=w560_sharpen&src=https%3A%2F%2Fldb-phinf.pstatic.net%2F20231021_198%2F1697881382464uXshk_JPEG%2FIMG_4058.jpeg,"['[패스오더전용] 100원 아메리카노', '믹스탕후루', '컵과일 100% 생과일', '콜드브루 더치커피 & 라떼']"
스트릿1988 구의점,"카페,디저트",155,서울 광진구 자양로18길 44 1층,"['디저트가 맛있어요', '친절해요', '특별한 메뉴가 있어요']",https://search.pstatic.net/common/?autoRotate=true&type=w560_sharpen&src=https%3A%2F%2Fldb-phinf.pstatic.net%2F20230615_189%2F1686792046033lTxrz_PNG%2F%25B3%25D7%25C0%25CC%25B9%25F6%25B7%25CE%25B0%25ED.png,"['[프리미엄]초코 호두과자 (10개)', '쌀 호두과자 (10개)', '옛날 팥 붕어빵', '쌀 계란빵']"
굽당,베이커리,599,서울 광진구 자양로28길 15,"['빵이 맛있어요', '친절해요', '매장이 청결해요']",https://search.pstatic.net/common/?autoRotate=true&type=w560_sharpen&src=https%3A%2F%2Fldb-phinf.pstatic.net%2F20200714_276%2F1594659728563EJax0_JPEG%2FKtw1qEdkar-WKOb1N774wFm5.jpg,"['아메리카노', '크루아상']"
빽다방 건대로데오점,테이크아웃커피,999+,서울 광진구 아차산로 220,"['커피가 맛있어요', '가성비가 좋아요', '음료가 맛있어요']",https://search.pstatic.net/common/?autoRotate=true&type=w560_sharpen&src=https%3A%2F%2Fldb-phinf.pstatic.net%2F20191222_137%2F1577014525123XBLNM_JPEG%2FQ_GQBQGnMRMn2t0Sr1goQRTh.jpg,"['[패스오더전용] 100원 아메리카노', '아이스아메리카노', '콜드브루', '빽사이즈아샷추']"
뺑비,베이커리,317,서울 광진구 용마산로5길 8 1층,"['빵이 맛있어요', '친절해요', '건강한 맛이에요']",https://search.pstatic.net/common/?autoRotate=true&type=w560_sharpen&src=https%3A%2F%2Fldb-phinf.pstatic.net%2F20220509_187%2F1652088794839U44ip_JPEG%2F20220422_130639.jpg,"['우유모찌식빵', '빵꽁뿔레', '유기농 호밀빵', '밤식빵']"
이르,"카페,디저트",226,서울 광진구 능동로4길 61 1층,"['커피가 맛있어요', '디저트가 맛있어요', '친절해요']",https://search.pstatic.net/common/?autoRotate=true&type=w560_sharpen&src=https%3A%2F%2Fldb-phinf.pstatic.net%2F20220525_23%2F1653485974349EiEHl_JPEG%2F04960B53-737D-48A5-BDDB-CE8D757D8AAA.jpeg,"['아메리카노', '크로와상 샌드위치', '직화불고기 볼로네제', '까르보나라']"
가토베이글,베이글,80,서울 광진구 아차산로57길 33 1층 4호,"['빵이 맛있어요', '커피가 맛있어요', '친절해요']",https://search.pstatic.net/common/?autoRotate=true&type=w560_sharpen&src=https%3A%2F%2Fldb-phinf.pstatic.net%2F20230712_12%2F1689154389381hqmyN_JPEG%2FIMG_6326.jpeg,"['플레인베이글', '참깨베이글', '올리브페퍼로니베이글', '할라피뇨치즈베이글']"
투썸플레이스 아차산역점,카페,999+,서울 광진구 천호대로 642,"['커피가 맛있어요', '디저트가 맛있어요', '음료가 맛있어요']",https://search.pstatic.net/common/?autoRotate=true&type=w560_sharpen&src=https%3A%2F%2Fldb-phinf.pstatic.net%2F20170410_168%2F1491812177716tAxOC_JPEG%2F186360574637_0.jpg,['모닝제품 + 아메리카노']
제니앤디쿠키,베이커리,223,서울 광진구 광장로 71 1층 제니앤디쿠키,"['친절해요', '빵이 맛있어요', '특별한 메뉴가 있어요']",https://search.pstatic.net/common/?autoRotate=true&type=w560_sharpen&src=https%3A%2F%2Fldb-phinf.pstatic.net%2F20231121_277%2F1700552367139lNB2g_JPEG%2FA%25B2%25D96_-_%25BA%25B9%25BB%25E7%25BA%25BB.jpg,"['수제약과쿠키', '수능쿠키선물박스 프리미엄 3.5', '쌀소금빵', '오레오머랭쿠키']"
트립티 뚝섬유원지자벌레점,카페,732,서울 광진구 강변북로 2202 뚝섬전망복합문화시설 1층,"['뷰가 좋아요', '가성비가 좋아요', '커피가 맛있어요']",https://search.pstatic.net/common/?autoRotate=true&type=w560_sharpen&src=https%3A%2F%2Fldb-phinf.pstatic.net%2F20210716_294%2F1626417883316NUBoX_JPEG%2FOP8iYG3F1ArImkqnMKY9yZ6Z.jpg,"['아메리카노 ICE', '아메리카노 HOT', '카페라떼 ICE', '카페라떼 HOT']"
천계월,"카페,디저트",592,서울 광진구 자양로42길 20 1층 (서울특별시 광진구 구의동 72-32 1층),"['커피가 맛있어요', '친절해요', '디저트가 맛있어요']",https://search.pstatic.net/common/?autoRotate=true&type=w560_sharpen&src=https%3A%2F%2Fldb-phinf.pstatic.net%2F20200418_103%2F1587141931172u8cwE_JPEG%2FbxTkhJrHxFJuWwvVH4J4S_Wd.jpeg.jpg,"['티라미슈쿠키', '스모어말차쿠키', '스모어쿠키', '초코스콘']"
카페이츠,"카페,디저트",15,서울 광진구 아차산로55길 44-1 1층,"['커피가 맛있어요', '친절해요', '디저트가 맛있어요']",https://search.pstatic.net/common/?autoRotate=true&type=w560_sharpen&src=https%3A%2F%2Fldb-phinf.pstatic.net%2F20231001_147%2F1696149486093sXONa_JPEG%2F20230930_173003.jpg,"['바스크치즈케이크+아메리카노', '[주문1위] 수제 밤 바스크치즈케익', '초코에 아몬드 쏟은 르뱅쿠키', '와르르 초코 르뱅쿠키']"
커스텀커피 건대점,카페,232,서울 광진구 능동로 69 자양호반써밋 1층,"['커피가 맛있어요', '음료가 맛있어요', '매장이 청결해요']",https://search.pstatic.net/common/?autoRotate=true&type=w560_sharpen&src=https%3A%2F%2Fldb-phinf.pstatic.net%2F20220511_244%2F1652257147383cd6zA_JPEG%2F2022-04-23-18-08-45-124.jpg,"['흑임자라떼', '카페라떼', '아메리카노']"
아이오쓰리 건대점,"카페,디저트",402,서울 광진구 동일로20길 50 1층 101호,"['음료가 맛있어요', '커피가 맛있어요', '친절해요']",https://search.pstatic.net/common/?autoRotate=true&type=w560_sharpen&src=https%3A%2F%2Fldb-phinf.pstatic.net%2F20231121_122%2F17005687295000hech_JPEG%2FKakaoTalk_20231121_211115145.jpg,"['아메리카노', '카페라떼', '카푸치노', '바닐라라떼']"
와이낫커피,"카페,디저트",391,서울 광진구 구의강변로3길 11 101호,"['커피가 맛있어요', '친절해요', '대화하기 좋아요']",https://search.pstatic.net/common/?autoRotate=true&type=w560_sharpen&src=https%3A%2F%2Fldb-phinf.pstatic.net%2F20190306_289%2F15518448709164rcwO_JPEG%2FBLmXmkAd2lyBMtpGsmE-9Qdi.jpeg.jpg,"['플랫화이트', '애플레몬', '오미자차', '햇생강']"
쿠앙,"카페,디저트",82,서울 광진구 군자로10길 30 1층 102호 쿠앙,"['디저트가 맛있어요', '친절해요', '인테리어가 멋져요']",https://search.pstatic.net/common/?autoRotate=true&type=w560_sharpen&src=https%3A%2F%2Fldb-phinf.pstatic.net%2F20230320_145%2F1679304855556nBbya_JPEG%2F%25C8%25D6%25B3%25B6%25BD%25C3%25BF%25A1-100.jpg,"['황치즈 휘낭시에', '바질 휘낭시에', '레몬 마들렌', '무화과 크림치즈 휘낭시에']"
스타벅스 자양사거리점,카페,999+,서울 광진구 아차산로 355,"['커피가 맛있어요', '친절해요', '음료가 맛있어요']",https://search.pstatic.net/common/?autoRotate=true&type=w560_sharpen&src=https%3A%2F%2Fldb-phinf.pstatic.net%2F20190828_93%2F1566953601239OT9MQ_PNG%2FxX7Wv642gXMoTI0DAv0hRymS.png,"['카페 라떼', '토피 넛 라떼', '토피 넛 팡도르', '별의 별 샌드위치']"
브로트가쎄율리,베이커리,120,서울 광진구 아차산로 549 광장현대파크빌 상가 104호,"['빵이 맛있어요', '특별한 메뉴가 있어요', '친절해요']",https://search.pstatic.net/common/?autoRotate=true&type=w560_sharpen&src=https%3A%2F%2Fldb-phinf.pstatic.net%2F20160203_159%2F1454484425759DxkbX_JPEG%2F176153565724407_0.jpg,"['호밀깜빠뉴', '생강빵', '호두 크렌베리 바게트', '블랙 올리브']"
보라롱베이크샵,베이커리,315,서울 광진구 뚝섬로51길 49 1층,"['빵이 맛있어요', '특별한 메뉴가 있어요', '친절해요']",https://search.pstatic.net/common/?autoRotate=true&type=w560_sharpen&src=https%3A%2F%2Fldb-phinf.pstatic.net%2F20210316_184%2F1615858498696hsrI5_JPEG%2FVwQCzvYtVyQqPXpkdxj_k-e0.jpeg.jpg,"['마카롱', '아메리카노']"
퍼센시아커피,"카페,디저트",105,서울 광진구 능동로 172 빌리브인테라스 1층 107호,"['커피가 맛있어요', '친절해요', '음료가 맛있어요']",https://search.pstatic.net/common/?autoRotate=true&type=w560_sharpen&src=https%3A%2F%2Fldb-phinf.pstatic.net%2F20220919_14%2F1663575448773z8rtl_JPEG%2FKakaoTalk_20220919_171643745.jpg,"['아메리카노', '플랫화이트', '카페라떼', '퍼센시아 크림치노']"
스테이어와일,"카페,디저트",128,서울 광진구 광나루로37길 24 1층,"['커피가 맛있어요', '친절해요', '디저트가 맛있어요']",https://search.pstatic.net/common/?autoRotate=true&type=w560_sharpen&src=https%3A%2F%2Fldb-phinf.pstatic.net%2F20190409_192%2F1554796642690Rm5yN_JPEG%2FqH33mm7HZC8EuXoBcVMJRXXM.jpg,['커피 외']
소소한 그날,"카페,디저트",212,서울 광진구 광나루로40길 93 1층,"['커피가 맛있어요', '디저트가 맛있어요', '친절해요']",https://search.pstatic.net/common/?autoRotate=true&type=w560_sharpen&src=https%3A%2F%2Fldb-phinf.pstatic.net%2F20220428_294%2F1651119736732CurrD_JPEG%2FDDD445C6-5EFF-4D8F-BA0A-A5EC599C19EC.jpeg,"['보늬밤 치즈 케이크', '[인기]바스크치즈케이크', '[인기]소소라떼(S(HOT))', '[인기]소소라떼(S(ICE))']"
컴포즈커피 건대점,카페,878,서울 광진구 능동로13길 30 1층 컴포즈커피 건대점,"['커피가 맛있어요', '가성비가 좋아요', '음료가 맛있어요']",https://search.pstatic.net/common/?autoRotate=true&type=w560_sharpen&src=https%3A%2F%2Fldb-phinf.pstatic.net%2F20231024_293%2F1698142144583p7FI9_JPEG%2FIMG_7586.jpeg,"['카페라떼', '바닐라라떼', '돌체라떼', '아메리카노[ HOT & ICED ] TAKE OUT']"
카페콩,"카페,디저트",88,서울 광진구 능동로35길 40 1층,"['커피가 맛있어요', '친절해요', '디저트가 맛있어요']",https://search.pstatic.net/common/?autoRotate=true&type=w560_sharpen&src=https%3A%2F%2Fldb-phinf.pstatic.net%2F20230113_170%2F1673588152546NjlRx_JPEG%2F49FBD811-B539-4CDF-9D16-B0F08E063768.jpeg,"['[재주문1위]카야 무염버터 토스트', '[재주문1위] 아몬드 크리미 모카(R)', '[재주문1위] 아몬드 크리미 모카(L)', '[시그니처] 아몬드슈페너(Only Ice)']"
카페 이음,브런치카페,82,"서울 광진구 구의로 40 1층 카페,이음","['커피가 맛있어요', '친절해요', '디저트가 맛있어요']",https://search.pstatic.net/common/?autoRotate=true&type=w560_sharpen&src=https%3A%2F%2Fldb-phinf.pstatic.net%2F20230310_195%2F1678417614273JtlAW_PNG%2F987C7CFB-AB30-41FF-B13D-65C8BA904BD3.png,"['아메리카노', '이음 크림라떼', '이음 말차라떼', '카라멜 마끼아또']"
블레이크커피,카페,240,서울 광진구 천호대로124길 20,"['커피가 맛있어요', '매장이 청결해요', '인테리어가 멋져요']",https://search.pstatic.net/common/?autoRotate=true&type=w560_sharpen&src=https%3A%2F%2Fldb-phinf.pstatic.net%2F20200418_107%2F1587198070207MBmso_JPEG%2F1Mvv4M7h0Ek9eBFIubuJa1iR.jpeg.jpg,['커피']
모지니,"카페,디저트",257,서울 광진구 군자로5길 22 1층,"['디저트가 맛있어요', '커피가 맛있어요', '친절해요']",https://search.pstatic.net/common/?autoRotate=true&type=w560_sharpen&src=https%3A%2F%2Fldb-phinf.pstatic.net%2F20201109_220%2F1604857482900uSGYr_JPEG%2F8nAL9IggQG8jJvUWxTer8_v3.jpg,"['아메리카노', '카페라떼', '바닐라빈라떼', '헤이즐넛라떼']"
스타벅스 건대후문점,카페,999+,서울 광진구 능동로 172,"['커피가 맛있어요', '친절해요', '음료가 맛있어요']",https://search.pstatic.net/common/?autoRotate=true&type=w560_sharpen&src=https%3A%2F%2Fldb-phinf.pstatic.net%2F20190828_93%2F1566953601239OT9MQ_PNG%2FxX7Wv642gXMoTI0DAv0hRymS.png,"['자몽 허니 블랙 티', '토피 넛 라떼', '토피 넛 팡도르', '별의 별 샌드위치']"
배스킨라빈스 자양점,아이스크림,999+,서울 광진구 뚝섬로 552 삼희빌딩,"['디저트가 맛있어요', '친절해요', '매장이 청결해요']",https://search.pstatic.net/common/?autoRotate=true&type=w560_sharpen&src=https%3A%2F%2Fldb-phinf.pstatic.net%2F20190207_263%2F1549518073913VHxxg_JPEG%2FWzOVG98BAb-9oaMe84QYeDV3.jpg,"['옹기종기팩', '파인트', '밀크쉐이크 (Regular)', '패밀리']"
스너글리,"카페,디저트",182,서울 광진구 능동로43길 12 1층,"['친절해요', '디저트가 맛있어요', '커피가 맛있어요']",https://search.pstatic.net/common/?autoRotate=true&type=w560_sharpen&src=https%3A%2F%2Fldb-phinf.pstatic.net%2F20230603_249%2F1685785782397NMbYJ_JPEG%2F0EEE29E7-E6A2-4E67-9A49-E807BB79B1A4.jpeg,"['티그레', '쑥 티그레', '아몬드 초콜릿 티그레', '하프 티그레']"
라프리앙,케이크전문,130,서울 광진구 아차산로65길 24 101호,"['디저트가 맛있어요', '친절해요', '특별한 메뉴가 있어요']",https://search.pstatic.net/common/?autoRotate=true&type=w560_sharpen&src=https%3A%2F%2Fldb-phinf.pstatic.net%2F20230412_40%2F1681276356348mvsXy_JPEG%2FFFB4E93C-40FF-4948-9850-D95251A62F8A.jpeg,"['조각케이크', '맞춤케이크', '마카롱', '아메리카노']"
이로운 제과,베이커리,67,서울 광진구 뚝섬로32길 29 1층,"['특별한 메뉴가 있어요', '친절해요', '빵이 맛있어요']",https://search.pstatic.net/common/?autoRotate=true&type=w560_sharpen&src=https%3A%2F%2Fldb-phinf.pstatic.net%2F20220815_163%2F1660519001356wL0st_JPEG%2Fsq4Bi_FvsPNLEiRejX5g53Ie.jpeg.jpg,"['콘멜로 쿠키 (유기농 국산옥수수가루)', '단호박멜로 쿠키', '쑥멜로 쿠키', '초코멜로 쿠키']"
카페밍글링,"카페,디저트",191,서울 광진구 동일로60길 41-13 1층 카페밍글링,"['인테리어가 멋져요', '커피가 맛있어요', '친절해요']",https://search.pstatic.net/common/?autoRotate=true&type=w560_sharpen&src=https%3A%2F%2Fldb-phinf.pstatic.net%2F20210928_163%2F1632764684173ndv6I_JPEG%2FD9YWAybIE4yleQOomAco43om.jpg,"['아메리카노', '아인슈페너', '휘낭시에, 마들렌', '스모어쿠키']"
597카페,스터디카페,218,서울 광진구 동일로22길 117-19 1층,"['집중하기 좋아요', '좌석이 편해요', '가성비가 좋아요']",https://search.pstatic.net/common/?autoRotate=true&type=w560_sharpen&src=https%3A%2F%2Fldb-phinf.pstatic.net%2F20230902_150%2F1693616869473xX5gx_JPEG%2F20230902_082432.jpg,['1인']
로우키 광장점,"카페,디저트",66,서울 광진구 광장로 73,"['커피가 맛있어요', '친절해요', '음료가 맛있어요']",https://search.pstatic.net/common/?autoRotate=true&type=w560_sharpen&src=https%3A%2F%2Fldb-phinf.pstatic.net%2F20220326_107%2F1648291799801IKNcM_JPEG%2F9C1DFF18-08AA-4CBB-82AF-0C96DD01CEAF.jpeg,"['바닐라라떼', '카라멜라떼', '마론밀크', '체리에이드']"
와플대학 군자캠퍼스,와플,999+,서울 광진구 천호대로 530,"['디저트가 맛있어요', '친절해요', '가성비가 좋아요']",https://search.pstatic.net/common/?autoRotate=true&type=w560_sharpen&src=https%3A%2F%2Fldb-phinf.pstatic.net%2F20230320_198%2F1679288100547UB4NF_JPEG%2F%25B1%25BA%25C0%25DA%25A4%25B7%25A4%25B7.jpg,"['애플시나몬와플(기본)', '애플시나몬와플(시나몬빼고)', '오레오누텔라와플', '아메리카노']"
커피빈 광장동대한제지점,카페,936,서울 광진구 아차산로 563,"['커피가 맛있어요', '친절해요', '음료가 맛있어요']",https://search.pstatic.net/common/?autoRotate=true&type=w560_sharpen&src=https%3A%2F%2Fldb-phinf.pstatic.net%2F20230630_55%2F1688088724888yYk07_JPEG%2FKakaoTalk_20221011_084254902_18.jpg,"['솔티드 크림 카라멜 라떼 (S)', '윈트리 머루 뱅쇼 (R)', '퓨어 피넛 초콜릿 라떼 (S)', '에스프레소 피넛 초콜릿 라떼 (S)']"
스타벅스 광장점,카페,999+,서울 광진구 아차산로 537-17,"['커피가 맛있어요', '친절해요', '음료가 맛있어요']",https://search.pstatic.net/common/?autoRotate=true&type=w560_sharpen&src=https%3A%2F%2Fldb-phinf.pstatic.net%2F20190828_93%2F1566953601239OT9MQ_PNG%2FxX7Wv642gXMoTI0DAv0hRymS.png,"['토피 넛 라떼', '토피 넛 팡도르', '별의 별 샌드위치', '스타벅스 딸기 라떼']"
숲속호두 군자역점,호두과자,278,서울 광진구 능동로 288 1층,"['디저트가 맛있어요', '친절해요', '특별한 메뉴가 있어요']",https://search.pstatic.net/common/?autoRotate=true&type=w560_sharpen&src=https%3A%2F%2Fldb-phinf.pstatic.net%2F20230206_291%2F1675647162963NXP91_JPEG%2Fimage.jpg,"['☆9입 베스트팩 선물패키지', '☆15입 베스트팩 선물패키지', '믹스 1 선물세트 (15입)', '믹스 2 선물세트(15입)']"
스타벅스 뚝섬유원지역점,카페,999+,서울 광진구 능동로 18,"['커피가 맛있어요', '음료가 맛있어요', '친절해요']",https://search.pstatic.net/common/?autoRotate=true&type=w560_sharpen&src=https%3A%2F%2Fldb-phinf.pstatic.net%2F20190828_93%2F1566953601239OT9MQ_PNG%2FxX7Wv642gXMoTI0DAv0hRymS.png,"['토피 넛 라떼', '토피 넛 팡도르', '별의 별 샌드위치', '스타벅스 딸기 라떼']"
려니크,케이크전문,165,서울 광진구 뚝섬로62길 18 1층,"['디저트가 맛있어요', '친절해요', '선물하기 좋아요']",https://search.pstatic.net/common/?autoRotate=true&type=w560_sharpen&src=https%3A%2F%2Fldb-phinf.pstatic.net%2F20230815_178%2F1692092394000WarAQ_JPEG%2FIMG_1381.jpeg,['전화문의']
카페인중독 건대점,와플,104,서울 광진구 능동로13길 36 1층,"['디저트가 맛있어요', '커피가 맛있어요', '음료가 맛있어요']",https://search.pstatic.net/common/?autoRotate=true&type=w560_sharpen&src=https%3A%2F%2Fldb-phinf.pstatic.net%2F20230616_83%2F1686897232751eo3w6_PNG%2F20230616_134811.png,"['아메리카노', '[ 시그니처 ] 햅쌀 와플', '추억의 깻잎 컵떡볶이', '더블 치즈 크림']"
몽몽공장 아뜰리에 드로잉카페 건대점,"카페,디저트",401,서울 광진구 능동로13길 10-9 몽몽공장 2층,"['친절해요', '집중하기 좋아요', '매장이 청결해요']",https://search.pstatic.net/common/?autoRotate=true&type=w560_sharpen&src=https%3A%2F%2Fldb-phinf.pstatic.net%2F20210609_14%2F1623225171088Gk6b4_JPEG%2FigzvVbFSS7l2ua5RPCEjivo6.jpg,['기본 이용권']
쏭카롱,베이커리,126,"서울 광진구 용마산로1길 66 (중곡동, 영진빌딩)","['친절해요', '매장이 청결해요', '인테리어가 멋져요']",https://search.pstatic.net/common/?autoRotate=true&type=w560_sharpen&src=https%3A%2F%2Fldb-phinf.pstatic.net%2F20210410_20%2F1617983919955noj6d_JPEG%2FiMMfqUzd9ra-remXMsaSVilL.jpg,"['레몬크림치즈', '없음', '쑥인절미', '앙버터']"
족제비제과,케이크전문,17,서울 광진구 면목로 28 1층 족제비제과,['리뷰 참여자가 10명이 되지 않습니다.'],https://search.pstatic.net/common/?autoRotate=true&type=w560_sharpen&src=https%3A%2F%2Fldb-phinf.pstatic.net%2F20230119_165%2F1674103552467aTJU2_JPEG%2F123.jpg,"['당일 케이크 (레터링케이크)', '1,2호 케이크 (레터링케이크)', '도시락 케이크(레터링케이크)', '입체, 동물 케이크(레터링케이크)']"
투투데이즈 케이크,베이커리,16,서울 광진구 능동로37길 44 1층,['리뷰 참여자가 10명이 되지 않습니다.'],https://search.pstatic.net/common/?autoRotate=true&type=w560_sharpen&src=https%3A%2F%2Fldb-phinf.pstatic.net%2F20230921_95%2F1695274742207D5Kmp_PNG%2FIMG_5882.png,['문의 카카오“투투데이즈”검색']
모트 (MOTT),"카페,디저트",286,서울 광진구 자양로26길 93 1층,"['커피가 맛있어요', '인테리어가 멋져요', '디저트가 맛있어요']",https://search.pstatic.net/common/?autoRotate=true&type=w560_sharpen&src=https%3A%2F%2Fldb-phinf.pstatic.net%2F20220207_14%2F1644207582575cNvF4_JPEG%2F4D5D289A-3703-44D5-9103-3DD1E63C3A96.jpeg,"['바질토마토에이드', '크림라떼', '모노', '라임모히토 에이드']"
벤앤제리스 아이스크림 건대DV점,"카페,디저트",20,서울 광진구 광나루로39길 11 구의자이르네 1층 139호,"['디저트가 맛있어요', '친절해요', '주문제작을 잘해줘요']",https://search.pstatic.net/common/?autoRotate=true&type=w560_sharpen&src=https%3A%2F%2Fldb-phinf.pstatic.net%2F20221014_88%2F1665743158142HyfJa_JPEG%2F20221014_161123.jpg,"['골라먹는 핸드팩 파인트', '골라먹는 2scoops', '바닐라', '청키 몽키']"
